n,show_num,epi_num,title,date,guests,first_ingredient,ing type,contestants,judges,main_dish,winner,Cuisine,Protein,type
0,1,1,"""Grueneberg and Nunziata""","AugustÂ 24,Â 2013","Alex Guarnaschelli, Jeff Mauro",zucchini,vegetable,"Sarah Grueneberg, Alberico Nunziata","Billy Grant, Marissa May, Lauren DeMaio",chicken parm,Sarah Grueneberg,italian,chicken,lunch/dinner
1,2,2,"""Welcome to New York!""","MarchÂ 3,Â 2014","Sunny Anderson, Jonathan Waxman",skirt steak,meat,"Anthony Lamas, Jennifer Nguyen","Cobi Levy, Kelsey Nixon, Roberto TreviÃ±o",shrimp and grits,Bobby Flay,southern usa,shrimp,lunch/dinner
2,3,3,"""Farmer and the Belle""","MarchÂ 6,Â 2014","Michael Symon, Simon Majumdar",red prawn,fish,"Karen Akunowicz, Matthew Raiford","Corby Kummer, Melba Wilson, Harold Dieterle",chicken and waffles,Bobby Flay,southern usa,chicken,lunch/dinner
3,4,4,"""Old Dog, New Tricks""","MarchÂ 13,Â 2014","Alex Guarnaschelli, Anne Burrell",cauliflower,vegetable,"Adam Harvey, Brian Tsao","Michael Chernow, Daniel Holzman, Wylie Dufresne",meat tacos,Brian Tsao[1],mexican,meat,lunch/dinner
4,5,5,"""Fighting Irish""","MarchÂ 20,Â 2014","Giada De Laurentiis, Mo Rocca",scallops,fish,"Brian Young, Steven McHugh","Ed Levine, Madison Cowan, Nils NorÃ©n",bangers & mash,Bobby Flay,british,sausage,lunch/dinner
5,6,6,"""Beauty and the Feast""","MarchÂ 27,Â 2014","Eden Grinshpan, Justin Warner",eggplant,vegetable,"Paul Denamiel, Rochelle Bilow","George Mendes, Michele Ragussis, Hugh Mangum",burger,Bobby Flay,american,beef,lunch/dinner
6,7,7,"""Eat, Flay, Love""","AprilÂ 3,Â 2014","Alex Guarnaschelli, Jack McDavid",brussels sprouts,vegetable,"Kimberly Van Kline, Christopher Lee","Todd Coleman, Marco Canora, Frank Prisinzano",mac & cheese,Bobby Flay,american,none,lunch/dinner
7,8,8,"""Up in Smoke""","AprilÂ 10,Â 2014","Ali Wentworth, Michael Symon",poblano chili pepper,vegetable,"Kamal Rose, Shannon Barr","Ed McFarland, Alain Allegretti, Brian Duffy",crab cakes,Bobby Flay,american,crab,lunch/dinner
8,9,9,"""Old School/New School""","AprilÂ 17,Â 2014","Katie Lee, Scott Conant",pineapple,fruit,"Andrew Evans, Brooke Mallory","Joey Campenaro, Aliya LeeKong, Seamus Mullen",meatloaf,Bobby Flay,american,beef,lunch/dinner
0,10,1,"""They Must Be Giants""","JulyÂ 31,Â 2014","Geoffrey Zakarian, Scott Conant",lamb chops,meat,"Bruce Kalman, Andy Saint-Ange","Donatella Arpaia, Ed McFarland, Leah Cohen",linguine & clams,Bobby Flay,french,clam,lunch/dinner
1,11,2,"""East vs West""","AugustÂ 7,Â 2014","Giada De Laurentiis, Michael Symon",fresh squid,fish,"Jason Santos, Neal Fraser","Drew Nieporent, Anita Lo, Harold Dieterle",fried chicken sandwich,Neal Fraser,southern usa,chicken,lunch/dinner
2,12,3,"""Bring Home the Bacon""","AugustÂ 14,Â 2014","Sunny Anderson, Jet Tila",broccoli,vegetable,"Matthew Britt, Tyler Anderson","Wylie Dufresne, Emily Fleischaker, Charlie Palmer",New England clam chowder,Bobby Flay,american,clam,lunch/dinner
3,13,4,"""Battle of Brooklyn""","AugustÂ 21,Â 2014","Anne Burrell, Chris Santos",arctic char,vegetable,"Jennifer Cole Ruiz, Jordin Andino","Jonathon Sawyer, Roberto Trevino, Andy Ricker",Korean short ribs,Bobby Flay,korean,beef,lunch/dinner
4,14,5,"""Out of the Pan/Into the Fire""","AugustÂ 28,Â 2014","Daphne Oz, Alton Brown",pork chops,meat,"Rina Younan, Carlos Serrano","Michael Psilakis, Ivy Stark, Eugene Remm",falafel,Rina Younan,middle eastern,chickpea,lunch/dinner
5,15,6,"""Ladies First""","SeptemberÂ 4,Â 2014","Katie Lee, Marc Murphy",oysters,fish,"Natasha Pogrebinsky, Esther Choi","Michael Ferraro, Kristin Sollenne, Jeff Zalanick",beef stroganoff,Bobby Flay,russian,beef,lunch/dinner
6,16,7,"""Risky Business""","SeptemberÂ 11,Â 2014","Ted Allen, Alex Guarnaschelli",ricotta cheese,dairy,"Jeremiah Bullfrog, Kyle Williams","Michael Psilakis, Joey Campanaro, Joshua David Stein",Cuban sandwich,Bobby Flay,cuban,pork,lunch/dinner
7,17,8,"""Smile Now, Cry Later""","SeptemberÂ 18,Â 2014","Judah Friedlander, Michael Symon",sweet potato,vegetable,"Jason Fullilove, Billy Oliva","Leah Cohen, George Mendes, Dominique Crenn",bouillabaise,Bobby Flay,french,fish,lunch/dinner
8,18,9,"""Ruling with an Iron Fist""","SeptemberÂ 25,Â 2014","Simon Majumdar, Donatella Arpaia",beets,vegetable,"Tim Wiechmann, Stephan Durand","April Bloomfield, Scott Gerber, Maureen Petrosky",wienerschnitzel,Tim Wiechmann,german,veal,lunch/dinner
9,19,10,"""Against All Odds""","OctoberÂ 2,Â 2014","Alton Brown, Anne Burrell",corn,vegetable,"Florian Wehrli, Heather West","Terrance Brennan, Maureen Petrosky, Glenn Harris",French toast,Bobby Flay,french,none,breakfast
10,20,11,"""Sun Up to Show Down""","OctoberÂ 9,Â 2014","Sunny Anderson, Katie Lee",wild king salmon,fish,"Mychael Bonner, Anna Maria Santorelli","Harold Moore, Tracy Weiss, Ryan Scott",eggplant Parmesan,Bobby Flay,italian,none,lunch/dinner
11,21,12,"""Only in New York""","OctoberÂ 16,Â 2014","Alex Guarnaschelli, Michael Symon",fresh atlantic cod,fish,"Palak Patel, Daniel Holzman","Hugh Mangum, Todd Coleman, Andrew Carmellini",chicken curry,Palak Patel,indian,chicken,lunch/dinner
12,22,13,"""Orange is the New Beat""","OctoberÂ 23,Â 2014","Geoffrey Zakarian, Jeff Mauro",pumpkin puree,vegetable,"James Gillespie, Rob Mafucci","Frank Prisinzano, Candice Kuman, Lauren Hirschberg",pasta Bolognese,Bobby Flay,italian,beef,lunch/dinner
0,23,1,"""An International Affair""","OctoberÂ 30,Â 2014","Amanda Freitag, Ted Allen",egg,dairy,"Patrick D'Andrea, Rob Feenie","Mark Birnbaum, Franklin Becker, Andrew Friedman",ravioli,Bobby Flay,italian,none,lunch/dinner
1,24,2,"""Surf and Turf""","NovemberÂ 6,Â 2014","Alex Guarnaschelli, Anne Burrell",green peas,vegetable,"Jake Gandolfo, Rafael Lunetta","Ed Brown, Ken Oringer, Suvir Saran",fish sandwich,Bobby Flay,american,fish,lunch/dinner
2,25,3,"""Gobbled Up""","NovemberÂ 13,Â 2014","Geoffrey Zakarian, Chrissy Teigen",cranberries,fruit,"Kat Ploszaj, Julietta Ballesteros","Seamus Mullen, Shaun Hergatt, David Leite",duck a l'orange,Bobby Flay,french,duck,lunch/dinner
3,26,4,"""Shaken Not Stirred""","NovemberÂ 20,Â 2014","Giada De Laurentiis, Michael Symon",chorizo,meat,"Kristine Kittrell, Giulio Adriani","Frank Prisinzano, Tricia Williams, Brian Duffy",gnocchi,Kristine Kittrell,italian,none,lunch/dinner
4,27,5,"""By Land or by Sea""","DecemberÂ 4,Â 2014","Brooke Burke-Charvet, Alton Brown",marcona almonds,other,"Alex Diaz, Jeremy Hanlon","Seamus Mullen, Lourdes Castro, Madison Cowan",fish and chips,Bobby Flay,british,fish,lunch/dinner
5,28,6,"""Bells will be Ringing""","DecemberÂ 11,Â 2014","Anne Burrell, Scott Conant",pears,fruit,"Mark Allen, Blythe Beck","Aliya Leekong, Greg and Darin Bresnitz",cornish game hen,Bobby Flay,,cornish game hen,lunch/dinner
6,29,7,"""Heat in the Street""","DecemberÂ 18,Â 2014","Scott Conant, Alex Guarnaschelli",pancetta,meat,"Damien O'Donnell, Adrian Leon","Phillip Lee, Ariane Daguin, Ivan Orkin",pork chop,Bobby Flay,,pork chop,lunch/dinner
7,30,8,"""Roll the Dice""","DecemberÂ 25,Â 2014","Michael Voltaggio, Simon Majumdar",pork tenderloin,meat,"Evan Hennessey, John Miele","Ken Friedman, Ed McFarland, Donald Brophy",lobster roll,John Miele,american,lobster,lunch/dinner
8,31,9,"""Pot Calling the Kettle Beat""","JanuaryÂ 1,Â 2015","Jonathan Waxman, Aaron Sanchez",goat cheese,dairy,"Herb Wilson, Robin King","Wylie Dufresne, Anita Lo, Josh Capon",chicken pot pie,Bobby Flay,american,chicken,lunch/dinner
9,32,10,"""New Kids on the Butcher Block""","JanuaryÂ 8,Â 2015","Jeff Mauro, Justin Warner",ground beef,meat,"Malcolm Mitchell, Daniela D'Ambrosio","Joey Campanaro, Madison Cowan, Mike Birnbaum",BLT,Bobby Flay,american,pork,lunch/dinner
10,33,11,"""Clash of the Culinary Titans""","JanuaryÂ 15,Â 2015","Sunny Anderson, Ted Allen",pizza dough,grain,"Victor Albisu, Eddie Tangredi","Michael Stillman, Ariane Daguin, George Motz",steak and eggs,Victor Albisu,american,beef,breakfast
11,34,12,"""Defend the House""","JanuaryÂ 29,Â 2015","Alton Brown, Alex Guarnaschelli",hanger steak,meat,"Joe Dobias, Alina Eisenhauer","Sam Talbot, Aliya Leekong, Alex Garcia",biscuits & gravy,Bobby Flay,southern usa,sausage,breakfast
12,35,13,"""Fry Me a River""","FebruaryÂ 5,Â 2015","Scott Conant, Geoffrey Zakarian",tomatoes,fruit,"Robert Hesse, Michael Jenkins","Corby Kummer, Terrance Brennon, Drew Nieporent",chicken wings,Bobby Flay,american,chicken,lunch/dinner
0,36,1,"""Foreign Relations""","MarchÂ 5,Â 2015","Giada De Laurentiis, Michael Symon",porterhouse steak,meat,"Taichi Kitamura, David Decastro","Ed Schoenfeld, Kristin Sollenne, Harold Dieterle",pot stickers,Taichi Kitamura[2],chinese,pork,lunch/dinner
1,37,2,"""Fire in the Hole""","MarchÂ 12,Â 2015","Alex Guarnaschelli, Katie Lee",chickpeas,bean,"Jen Biesty, Chris Lamphier","George Mendes, Aliya Leekong, Drew Nieporent",paella,Bobby Flay,spanish,fish,lunch/dinner
2,38,3,"""To Contend and Serve""","MarchÂ 19,Â 2015","Anne Burrell, Geoffrey Zakarian",italian sausage,meat,"Carla Harris, Noah Schwartz","Ed McFarland, Lourdes Castro, Rick Moonen",catfish po' boy,Bobby Flay,southern usa,fish,lunch/dinner
3,39,4,"""Culinary Validation""","MarchÂ 26,Â 2015","Scott Conant, Natalie Morales",kielbasa,meat,"Joe Adorno, Adam Halberg","Jeff Zalaznick, Kristin Sollenne, Rick Moonen",arroz con pollo,Bobby Flay,latin,chicken,lunch/dinner
4,40,5,"""Raising the Bar""","AprilÂ 2,Â 2015","Sunny Anderson, Allison Sweeney",shiitake mushrooms,vegetable,"Kelvin Fernandez, Chris Kobayashi","Ivan Orkin, Roberto TreviÃ±o, Ming Tsai",meat arepas,Kelvin Fernandez,latin,,lunch/dinner
5,41,6,"""No Training Wheels""","AprilÂ 9,Â 2015","Alex Guarnaschelli, David Burtka",feta cheese,dairy,"Johnny Zone, Jumoke Jackson","Luke Holden, Mary Sue Milliken, Suvir Saran",fried fish tacos,Johnny Zone,mexican,fish,lunch/dinner
6,42,7,"""Best Laid Plans""","AprilÂ 16,Â 2015","Katie Lee, Simon Majumdar",sardines,fish,"Clark Frasier, Keri Moser","Donal Brophy, Tricia WIlliams, Ken Friedman",cedar plank salmon,Bobby Flay,american,fish,lunch/dinner
7,43,8,"""East Coast's Finest""","AprilÂ 23,Â 2015","Curtis Stone, Michael Symon",mussels,fish,"Luke Venner, Antonio Franco","Frank Pellegrino Jr., Laura Vitale, Michael Psilakis",veal milanese,Bobby Flay,italian,veal,lunch/dinner
8,44,9,"""Out on a Limb""","AprilÂ 30,Â 2015","Ted Allen, Tamron Hall",fluke,fish,"John Wassil, Katherine Humphus","Harold Moore, Ariane Daguin, Todd Coleman",lamb chops,Bobby Flay,,lamb,lunch/dinner
9,45,10,"""Any Given Sunday""","MayÂ 7,Â 2015","Chris Santos, Geoffrey Zakarian",bacon,meat,"Kathy Cary, Shanna O'Hea","Michael Ferraro, Susan Ungaro, Terrance Brennan",croque-monsieur,Bobby Flay,french,ham,breakfast
10,46,11,"""Homeland""","MayÂ 14,Â 2015","Anne Burrell, Scott Conant",oranges,fruit,"Thoa Nguyen, Jason Hippen","David Massoni, Anita Lo, Ivan Orkin",bibimbap,Thoa Nguyen[3],korean,beef,lunch/dinner
11,47,12,"""Humble Beginnings""","MayÂ 21,Â 2015","Sunny Anderson, Simon Majumdar",fresh mozzarella,dairy,"Christopher Wall, Eugene Jones","Ed McFarlnd, Alexander Smalls, Frank Prisinzano",Ã©touffÃ©e,Bobby Flay,southern usa,shrimp,lunch/dinner
12,48,13,"""Getting Grilled""","MayÂ 28,Â 2015","Michael Symon, Debi Mazar",chicken,meat,"Dominic Zumpano, Angelo Sosa","Michael Stillman, Hugh Mangum, Michael Lomonaco",steak and potatoes,Bobby Flay,american,beef,lunch/dinner
0,49,1,"""No Fear""","JuneÂ 4,Â 2015","Damaris Phillips, Alex Guarnaschelli",halibut,fish,"Will Gilson, Lawrence Males","Roberto TreviÃ±o, Lourdes Castro, Hugh Mangum",corn-beef hash,Bobby Flay,irish,beef,breakfast
1,50,2,"""Who's Your Daddy?""","JuneÂ 11,Â 2015","Scott Conant, Haylie Duff",lobster,fish,"Sam Marvin, Gregory Torrech","Frank Prisinzano, Roberto TreviÃ±o, April Bloomfield",sausage & peppers,Sam Marvin,british,sausage,lunch/dinner
2,51,3,"""No Formalities""","JuneÂ 18,Â 2015","Sunny Anderson, Giada de Laurentiis",littleneck clams,fish,"Tre Wilcox, Sarah Acconcia","Andrew Carmellini, Tracy Weiss, Josh Capon",pork roulade,Bobby Flay,french,pork,lunch/dinner
3,52,4,"""Mavericks""","JuneÂ 25,Â 2015","Daphne Oz, Michael Symon",jumbo lump crab meat,fish,"Sylvia Casares, Braden Wages","Ivy Stark, Corby Kummer, Leah Cohen",thai green curry,Bobby Flay,thai,chicken,lunch/dinner
4,53,5,"""Stars and Stripes""","JulyÂ 2,Â 2015","Rachael Ray, Jessica Seinfeld",watermelon,fruit,"Matt O'Neil, Brian Cartenuto","Glenn Harris, Susan Ungaro, Ken Freidman",burger,Bobby Flay,american,beef,lunch/dinner
5,54,6,"""Rollin' Deep""","JulyÂ 9,Â 2015","Katie Lee, Geoffrey Zakarian",fennel,vegetable,"Linda Hamel, Kenny Johnson","Charlie Parker, Tracy Weiss, Frankie Pelegrino Jr.",meatballs,Kenny Johnson,italian,sausage,lunch/dinner
6,55,7,"""Worst Case Scenario""","JulyÂ 16,Â 2015","Amanda Freitag, Alex Guarnaschelli",hen of the woods mushroom,vegetable,"Kouri Killmeier, Jared Case","Michael Lomonaco, Franklin Becker, Michael Psilakis",bratwurst sandwich,Bobby Flay,german,sausage,lunch/dinner
7,56,8,"""Rise to the Occasion""","JulyÂ 23,Â 2015","Ted Allen, Debi Mazar",apples,fruit,"Gio Osso, Mike Friedman","Aliya Leekong, Jeff Zalaznick, Laura Vitale",lasagne,Bobby Flay,italian,sausage,lunch/dinner
8,57,9,"""Do or Die""","JulyÂ 30,Â 2015","Scott Conant, Geoffrey Zakarian",pomegranates,fruit,"Peter Morris, Gregory Webb","Harold Dieterle, Ivy Stark, Jason Birchard",chili relleno,Bobby Flay,mexican,beef,lunch/dinner
9,58,10,"""The Heat is On""","AugustÂ 6,Â 2015","Katie Lee, Robert Irvine",rib-eye steak,meat,"Jeanie Roland, Becca Richards","Susan Feniger, Ed Brown, Susan Ungaro",mussels frites,Jeanie Roland,french,mussels,lunch/dinner
10,59,11,"""Sticking to Your Guns""","AugustÂ 13,Â 2015","Sunny Anderson, Curtis Stone",russet potatoes,other,"Clark Barlowe, Peter McAndrews","Andrew Carmellini, Madison Cowan, April Bloomfield",liver & onions,Bobby Flay,french,liver,lunch/dinner
11,60,12,"""Arrivals and Departures""","AugustÂ 20,Â 2015","Donatella Arpaia, Alex Guarnaschelli",swordfish,fish,"Michael Walters, Lisa Nakamura","Franklin Becker, Candice Kumai, Madison Cowan",jerk chicken,Michael Walters[4],carribean,chicken,lunch/dinner
12,61,13,"""Culinary Tornado""","AugustÂ 27,Â 2015","Anne Burrell, Simon Majumdar",New York strip steak,meat,"Miguel Trinidad, Brian Hill","Leah Cohen, Hugh Mangum, Devin Alexander",ribs,Bobby Flay,american,pork,lunch/dinner
0,62,1,"""Unfinished Business""","OctoberÂ 1,Â 2015","Scott Conant, Jonathan Scott, Drew Scott",cherrystone clams,fish,"Angelo Sosa, Blythe Beck","Ivy Stark, Josh Capon, Elizabeth Karmel",pork enchiladas,Bobby Flay,mexican,pork,lunch/dinner
1,63,2,"""Settling the Score""","OctoberÂ 8,Â 2015","Sunny Anderson, Jeff Mauro",rack of lamb,meat,"Jordan Andino, Bruce Kalman","Frank Prisinzano, Laura Vitale, Harold Moore",pasta carbonara,Bruce Kalman[5],italian,bacon,lunch/dinner
2,64,3,"""Frenemies""","OctoberÂ 15,Â 2015","Michael Symon, Debi Mazar",portobello mushroom,vegetable,"Natasha Pogrebinsky, Michael Jenkins","Ed McFarland, Tom Birchard, Andrew Friedman",pierogi,Bobby Flay,russian,none,lunch/dinner
3,65,4,"""Back with a Vengeance""","OctoberÂ 22,Â 2015","Daphne Oz, Geoffrey Zakarian",kale,vegetable,"Tre Wilcox, Anthony Lamas","Franklin Becker, Lourdes Castro, Julien Medina",moqueca,Bobby Flay,brazilian,fish,lunch/dinner
4,66,5,"""Trick or Sweet""","OctoberÂ 26,Â 2015","Simon Majumdar, Debi Mazar",coconut,fruit,"Justin Burke-Samson, Tommy Juliano","Paulette Goto, Johnny Iuzzini, Jennifer Yee",pumpkin trifle,Bobby Flay,british,dessert,dessert
5,67,6,"""It's a Family Secret""","NovemberÂ 4,Â 2015","Anne Burrell, Spike Mendelsohn",flat iron steak,meat,"Kiran Verma, Ric Orlando","Jason Birchard, Maneet Chauhan, Madison Cowan",potato latkes,Ric Orlando,jewish,none,lunch/dinner
6,68,7,"""She's a Lady""","NovemberÂ 11,Â 2015","Katie Lee, Alex Guarnaschelli",chicken thighs,meat,"Giovanna Huyke, Jennifer Bajsel","Roberto TreviÃ±o, Aliya Leekong, Hugh Mangum",shrimp mofongo,Bobby Flay,puerto rican,shrimp,lunch/dinner
7,69,8,"""Let's Talk Turkey""","NovemberÂ 18,Â 2015","Michael Symon, Geoffrey Zakarian",acorn squash,vegetable,"Nick Rabar, Jeff Haskel","Susan Ungaro, Michael Ferraro, Sarah Simmons",turkey sandwich,Bobby Flay,american,turkey,lunch/dinner
8,70,9,"""Hook, Line and Sinker""","DecemberÂ 2,Â 2015","Scott Conant, Willie Geist",rainbow trout,fish,"Roy Breiman, Vaughn Crenshaw","Ken Friedman, Anita Lo, Glenn Harris",Dutch baby pancake,Roy Breiman,american,breakfast,breakfast
9,71,10,"""Roasting on an Open Fire""","DecemberÂ 9,Â 2015","Alex Guarnaschelli, Penn Jillette",chestnuts,other,"Ariane Duarte, Adil Fawzi","Michael Lomonaco, Candice Kumai, Phillipe Massoud",filet mignon,Ariane Duarte,french,steak,lunch/dinner
10,72,11,"""Poking and Prodding""","DecemberÂ 16,Â 2015","Katie Lee, Judy Gold",polenta,grain,"Alex Stratta, Houman Gohary","Marco Moreira, Maneet Chauhan, Jean-Paul Bourgeouis",lamb shish kebab,Bobby Flay,middle eastern,lamb,lunch/dinner
11,73,12,"""Rules are Meant to be Broken""","JanuaryÂ 6,Â 2016","Ted Allen, Margaret Cho",fresh tuna,fish,"Diane DiMeo, Ian Russo","Jason Debriere, Ivy Stark, David Massoni",pork tostado,Bobby Flay,latin,pork,lunch/dinner
12,74,13,"""Live From the Food Carpet""","JanuaryÂ 13,Â 2016","Rachael Ray, Ross Mathews",bell peppers,vegetable,"Gavin Fine, K.N. Vinod","Frank Prisinzano, Missy Robbins, Suvir Saran",fish curry,Bobby Flay,indian,fish,lunch/dinner
0,75,1,"""Strike While the Iron's Hot""","JanuaryÂ 20,Â 2016","Amanda Freitag, Geoffrey Zakarian",peanuts,other,"Steve ""Nookie"" Postal, Tim Freeman","Kristin Sollenne, Dale Talde, Candice Kumai",pad thai,Tim Freeman[6],thai,chicken,lunch/dinner
1,76,2,"""A Cut Above""","JanuaryÂ 27,Â 2016","Simon Majumdar, Jet Tila",flank steak,meat,"John Tesar, Terry Sargent","Michael Stillman, Madison Cowan, Jean-Paul Bourgeouis",beef Wellington,Bobby Flay,british,beef,lunch/dinner
2,77,3,"""Touchdown!""","FebruaryÂ 3,Â 2016","Anne Burrell, Laila Ali",avocado,vegetable,"Zane Holmquist, Deji Oduwole","Ben Ford, Tricia Williams, Pete Levin",pork nachos,Bobby Flay,mexican,pork,lunch/dinner
3,78,4,"""Sweet and Spicy""","FebruaryÂ 10,Â 2016","Katie Lee, Damaris Phillips",chocolate & chillies,other,"Carlos Baez, Steven Scalesse","Susan Feniger, Richard Sandoval, Pamela Morgan",chicken mole,Bobby Flay,mexican,chicken,lunch/dinner
4,79,5,"""A Feather in Your Cap""","FebruaryÂ 17,Â 2016","Alex Guarnaschelli, Sunny Anderson",duck breast,meat,"Mohan Ismail, Nicole Roarke","Wylie Dufresne, Ed Schoenfeld, Frank Pellegrino",seafood lo mein,Mohan Ismail[7],chinese,seafood,lunch/dinner
5,80,6,"""The Boys Are Back""","FebruaryÂ 24,Â 2016","Michael Symon, Michael Voltaggio",jarred tuna,fish,"Todd Hall, Brian Archibald","Julian Medina, Tricia Williams, Franklin Becker",steak torta,Brian Archibald[8],mexican,beef,lunch/dinner
6,81,7,"""Always Expect the Unexpected""","MarchÂ 2,Â 2016","Ted Allen, Kelsey Nixon",sirloin steak,meat,"Matt Levin, Sanaa Abourezk","Michael Psilakis, Corby Kummer, Jeremy Spector",vegetarian moussaka,Bobby Flay,middle eastern,none,lunch/dinner
0,82,1,"""Turning the Tables""","MarchÂ 17,Â 2016",Katie Lee,spinach,vegetable,"Alex Guarnaschelli, Michael Symon","Michael Lomonaco, April Bloomfield, Wylie Dufresne",lobster Newberg,Alex Guarnaschelli,american,lobster,lunch/dinner
1,83,2,"""Pie in the Sky""","MarchÂ 24,Â 2016","Maria Menounos, Scott Conant",striped bass,fish,"Branden Levine, Damon Gordon","Donal Brophy, Michael Lomonaco, Pete Levin",shepherd's pie,Bobby Flay,british,lamb,lunch/dinner
2,84,3,"""Time to Get Schooled""","MarchÂ 31,Â 2016","Anne Burrell, Curtis Stone",asparagus,vegetable,"Cindy Wolf, Stacie Vande Wetering","Jean-Paul Bourgeouis, Cedric Vongerichten, Franklin Becker",seafood risotto,Bobby Flay,italian,seafood,lunch/dinner
3,85,4,"""Something Sweet""","AprilÂ 7,Â 2016","Bobby Deen, Sunny Anderson",cherry,fruit,"Caprial Pence, Ty Leon","Johnny Iuzzini, Paulette Goto, Zac Young",cream puffs,Bobby Flay,french,dessert,dessert
4,86,5,"""Have Merci!""","AprilÂ 14,Â 2016","Alex Guarnaschelli, Josh Capon",artichoke hearts,vegetable,"Gui Alinat, Kevin Ashade","Marco Moreira, Aliya Leekong, Alain Allegretti",coq au vin,Kevin Ashade[9],french,chicken,lunch/dinner
5,87,6,"""Just Act Natural""","AprilÂ 21,Â 2016","Ina Garten, Neil Patrick Harris",piquillo pepper,vegetable,"Gail Arnold, Thomas John","Richie Notar, Madhur Jaffrey, Jehangir Mehta",chicken shawarma,Bobby Flay,middle eastern,chicken,lunch/dinner
6,88,7,"""Riding the Wave""","AprilÂ 28,Â 2016","Katie Lee, Simon Majumdar",lamb tenderloin,meat,"Shaymus Alwin, Jeremy Sewall","Jamie Bissonnette, Keri Glassman, Ed McFarland",lobster bisque,Bobby Flay,french,lobster,lunch/dinner
7,89,8,"""Fully Baked""","MayÂ 5,Â 2016","Geoffrey Zakarian, Scott Conant",plantain,fruit,"Robert Vasquez, Aaron Rivera","Michael Laiskonis, Ivy Stark, Roberto SantibÃ¡Ã±ez",beef empanada,Aaron Rivera[10],latin,beef,lunch/dinner
8,90,9,"""Hall of Shame""","MayÂ 12,Â 2016","Giada De Laurentiis, Jerome Bettis",okra,vegetable,"Kenny Gilbert, Jordan Wakefield","Tom Birchard, Lisle Richards, Ken Friedman",chicken & dumplings,Kenny Gilbert,american,chicken,lunch/dinner
9,91,10,"""Star Power""","MayÂ 19,Â 2016","Jeff Mauro, Eddie Jackson",Dover sole,fish,"Jesse Schenker, Danny Mena","Julian Medina, Rosanna Scotto, Madison Cowan",tortilla soup,Bobby Flay,mexican,beef,lunch/dinner
10,92,11,"""Ring of Fire""","MayÂ 26,Â 2016","Jeff Mauro, Anthony Anderson",mahi-mahi,fish,"Adrianne Calvo, Ben Thomas","Michael Lomonaco, Tracy Weiss, Brian Duffy",steak au poivre,Bobby Flay,french,beef,lunch/dinner
11,93,12,"""Fingerlings Crossed!""","JuneÂ 2,Â 2016","Geoffrey Zakarian, Diane Guerrero",fingerling potato,other,"Philippe Corbet, George Rodrigues","Roberto SantibÃ¡Ã±ez, Paulette Goto, Brian Mazza",chili,George Rodrigues[11],american,beef,lunch/dinner
12,94,13,"""A Little Bit Country""","JuneÂ 5,Â 2016","Alex Guarnaschelli, Trisha Yearwood",bay scallop,fish,"Lee Frank, Joe Wolfson","Hugh Mangum, Elizabeth Karmel, Marc Murphy",country fried steak,Bobby Flay,southern usa,beef,lunch/dinner
0,95,1,"""Fancy Meeting You Here""","JuneÂ 12,Â 2016",Sunny Anderson,prosciutto,meat,"Anne Burrell, Scott Conant","Ken Oringer, Susan Ungaro, Jacques Torres",cheesecake,Anne Burrell,greek,none,dessert
1,96,2,"""Breaking Food News""","JuneÂ 19,Â 2016","Michael Symon, Katie Couric",mackerel,fish,"Michael Ginor, Alyssa Gorelick","Michael Psilakis, Leah Cohen, George Mendes",lamb gyro,Bobby Flay,greek,lamb,lunch/dinner
2,97,3,"""Red, White, and BBQ""","JuneÂ 26,Â 2016","Katie Lee, Elvis Duran",chicken wings,meat,"Brother Luck, Matt Bolus","Raquel Pelzel, Corby Kummer, Elizabeth Karmel",pulled pork sliders,Brother Luck[12],american,pork,lunch/dinner
3,98,4,"""Green with Envy""","JulyÂ 7,Â 2016","Scott Conant, Perrey Reeves",silken tofu,vegetable,"Pankaj Pradhan, Vikki Krinsky","Michael Schulson, Keri Glassman, Sal Scognamillo",stuffed peppers,Bobby Flay,spanish,beef,lunch/dinner
4,99,5,"""Dancing With the Devil""","JulyÂ 14,Â 2016","Lance Bass, Michael Voltaggio",veal cutlet,meat,"Robbie Jester, James Laird","Frank Pellegrino, Tricia Williams, Stratis Morfogen",shrimp scampi,Robbie Jester,italian,shrimp,lunch/dinner
5,100,6,"""Ladies Night""","JulyÂ 21,Â 2016","Katie Lee, Laura Vitale",romanesco,vegetable,"Eric Levine, Jennifer Janinski","Raquel Pelzel, Richie Natar, Kristin Sollene",tortelloni,Bobby Flay,italian,none,lunch/dinner
6,101,7,"""Stop Drop and Roll""","JulyÂ 28,Â 2016","Geoffrey Zakarian, Donny Deutsch",cannellini beans,bean,"Kevin Naderi, Mark Vecchitto","Maneet Chauhan, Franklin Becker, Dorothy Cann Hamilton",stuffed cabbage rolls,Kevin Naderi,german,meat,lunch/dinner
7,102,8,"""So many obstacles""","AugustÂ 4,Â 2016","Anne Burrell, Apolo Ohno",couscous,grain,"Michele Castelli, Brian Miller","Christian Petroni, Rosanna Scotto, Alex Garcia",meat pizza,Bobby Flay,italian,meat,lunch/dinner
8,103,9,"""Who's Got This in the Bag""","AugustÂ 11,Â 2016","Jet Tila, Debi Mazar",ground lamb,meat,"Mark Gaier, Christopher Covelli","Ed Brown, Candice Kumai, Vikas Khanna",fish en papillote,Bobby Flay,italian,fish,lunch/dinner
9,104,10,"""Age is Just a Number""","AugustÂ 18,Â 2016","Sunny Anderson, Kimberly Schlapman",blue cheese,dairy,"Kevin Des Chenes, Jenny Dorsey","Cobi Levy, Anita Lo, Hugh Mangum",wonton soup,Jenny Dorsey,chinese,pork,lunch/dinner
10,105,11,"""Get in the Zone""","AugustÂ 25,Â 2016","Alex Guarnaschelli, Kenny Mayne",Yukon gold potatoes,other,"Jeff Williams, Kevin Templeton","David Massoni, Lourdes Castro, Jason Debriere",chilaquiles,Bobby Flay,mexican,,breakfast
11,106,12,"""Bobby's DMV Appointment""","SeptemberÂ 1,Â 2016",Curtis Stone; Haylie Duff,guanciale,meat,"Serge Pambo, Todd Gray","Michael Psilakis, Tracy Weiss, Hugh Mangum",soft-shell crab sandwich,Bobby Flay,american,crab,lunch/dinner
12,107,13,"""Dark Horses Still Kick""","SeptemberÂ 8,Â 2016","Geoffrey Zakarian, Debi Mazar",branzino,fish,"Ed Hardy, Kunal Lamba","Hari Nayak, Dorothy Cann Hamilton, Hung Huynh",chicken bÃ¡nh mÃ¬,Bobby Flay,vietnamese,chicken,lunch/dinner
0,108,1,"""Comforts of Home""","SeptemberÂ 22,Â 2016","Scott Conant, Bethenny Frankel",ground pork,meat,"Jackie Rothong, Matteo Boffo","Frank Prisinzano, Jody Adams, Salvatore Coppola",cannelloni,Bobby Flay,italian,,lunch/dinner
1,109,2,"""Shore Fire Strategy""","SeptemberÂ 29,Â 2016","Anne Burrell, Mario Cantone",squab,meat,"Geoff Johnson, Martin Rios","Ed Brown, Clodagh McKenna, Craig Samuel",lobster thermidor,Bobby Flay,french,lobster,lunch/dinner
2,110,3,"""Howdy Halloween""","OctoberÂ 6,Â 2016","Sunny Anderson, Laura Vitale",blood oranges,fruit,"Katherine Clapner, Joe Baker","David Lebovitz, Nicole Friday, Zac Young",devil's food cake,Katherine Clapner,,dessert,dessert
3,111,4,"""Bobby-Bing Bobby-Boom!""","OctoberÂ 13,Â 2016","Anthony Carrino, John Colaneri, Alex Guarnaschelli",kalamata olives,vegetable,"Toni Sapienza, Rodney Murillo","Nick Defonte,[13] Kristin Sollenne, Dale Talde",meatball sandwich,Bobby Flay,italian,meat,lunch/dinner
4,112,5,"""Che-Sing Glory""","OctoberÂ 20,Â 2016","Geoffrey Zakarian, Michael Che",country ham,meat,"Tony Nguyen, Andres Dangond","Judy Joo, Ivan Orkin, Ivy Stark",ramen,Bobby Flay,japanese,pork,lunch/dinner
5,113,6,"""Hold on for One More Flay""",27-Oct-16,"Katie Lee, Carnie Wilson",butchery brioche,grain,"Jeremy Nolen, Vijay Sadhu","Aliya Leekong, Edi Frauneder, Julie Sahni",samosas,Vijay Sadhu[14],indian,none,lunch/dinner
6,114,7,"""Surprise Surprise""",3-Nov-16,"Curtis Stone, Sandra Lee",haddock,fish,"Pat Sheerin, Katie Chin","Michel Nischan, Anita Lo, Hung Huynh",pork fried rice,Bobby Flay,chinese,pork,lunch/dinner
7,115,8,"""Country Boys in the Big City""",10-Nov-16,"Ted Allen, Anne Burrell",black beans,bean,"Mike Johnson, Justin Gaines","Jean Paul Bourgeois, Candice Kumai, Michael Psilakis",jambalaya,Bobby Flay,southern usa,seafood,lunch/dinner
8,116,9,"""Thanks But No Thanksgiving""",17-Nov-16,"Martha Stewart, Scott Conant",butternut squash,vegetable,"Ed Cotton, Omar Zerrei","Madison Cowan, Marcie Turney, Felipe Donnelly",turkey cacciatore,Ed Cotton,italian,turkey,lunch/dinner
9,117,10,"""You've Got to be Kidding Me!""""",30-Nov-16,"Carla Hall, Aubrey Anderson-Emmons, Quvenzhane Wallis",cheddar cheese,dairy,"Chris Scott, Line Pelletier","Chris Ekpiken, Sabrina Richard, Taylor Moxey",chicken fingers,Bobby Flay,american,chicken,lunch/dinner
10,118,11,"""Back to School""",8-Dec-16,"Ted Allen, Rowan Blanchard",strawberries,fruit,"Zac Young, Francois Payard","Olivia Oshiro, David Pines, Elizabeth Oakes",Napoleon,Francois Payard,french,dessert,dessert
11,119,12,"""Whiz Kids""",15-Dec-16,"Gibson Boreli, Tyler Zager, Sunny Anderson",corn flakes,grain,"Brian Santos, Claud Beltran","Lauren Zilberman, Finn Skerlj, Emily Waters",beef quesadillas,Bobby Flay,mexican,beef,lunch/dinner
12,120,13,"""Like Father Like Daughter""",22-Dec-16,"Scott Conant, Aila Conant",bowtie pasta,grain,"Max Hardy, Lee Knoeppel","Hunter Zampa, Julep Knowlton, Tatiana Cicciarella",grilled cheese,Bobby Flay,american,none,lunch/dinner
0,121,1,"""All at Stake""","JanuaryÂ 4,Â 2017","Amanda Freitag, Carla Hall",Canadian bacon,meat,"Todd Erickson, Charles Bauer","Jeremy Spector, Michael Ferraro, Dorothy Cann Hamilton",salisbury steak,Todd Erickson,american,beef,lunch/dinner
1,122,2,"""Better Late Than Never""","JanuaryÂ 11,Â 2017","Giada De Laurentiis, Alex Guarnaschelli",parsnip,vegetable,"Melissa Mayer, Jen Royle","Jason DeBriere, Sara Gore, Ken Oringer",chicken flautas,Bobby Flay,mexican,chicken,lunch/dinner
2,123,3,"""Bro-Down Showdown""","JanuaryÂ 18,Â 2017","Michael Voltaggio, Bryan Voltaggio",sunchokes,vegetable,"Terence Feury, Patrick Feury","Jason Hicks, Raquel Pelzel, Michael Vignola",surf & turf,Bobby Flay,american,beef,lunch/dinner
3,124,4,"""Too Biggs to Fail""","JanuaryÂ 25,Â 2017","Katie Lee, Jason Biggs",rock shrimp,fish,"David Vargas, Sam Gorenstein","Roberto Santibanez, Alison Roman, Ed McFarland",seafood burrito,Sam Gorenstein,mexican,seafood,lunch/dinner
4,125,5,"""The Grid Iron Chef""","FebruaryÂ 1,Â 2017","Alex Guarnaschelli, Josh Capon",jalapeÃ±o,vegetable,"Lee Chizmar, Todd Mark Miller","Robbie Shoults, Katie Quinn, Michael Lomonaco",cheesesteak,Bobby Flay,american,beef,lunch/dinner
5,126,6,"""She Loves Me ....Not""","FebruaryÂ 8,Â 2017","Daphne Oz, Lara Spencer",red wine,other,"Frank Otte, Eric Adjepong","Susan Ungaro, Glenn Harris, Angie Mar",eggs benedict,Bobby Flay,french,eggs,breakfast
6,127,7,"""You Won't Like Him When He's Angry""","FebruaryÂ 16,Â 2017","Kristin Cavallari, Geoffrey Zakarian",veal tenderloin,meat,"Daniel Angerer, Jamie Knott","Robyn Lawley, Chris ""C-Snacks"" Clarke, Tricia Williams",veggie burger,Bobby Flay,american,none,lunch/dinner
7,128,8,"""Roll with the Punches""","FebruaryÂ 23,Â 2017","Curtis Stone, Simon Majumdar",razor clams,fish,"Perry Chung, Richard Mancini","Hung Huynh, Pamela Morgan, Frank Prisinzano",crispy spring rolls,Perry Chung,asian,none,lunch/dinner
8,129,9,"""Steak Me Home Tonight""","MarchÂ 2,Â 2017","Anne Burrell, Chris D'Elia",peaches,fruit,"Trish Tracey, Daniel Cox","Wylie Dufresne, Ariane Daguin, Alfred Portale",steak frites,Bobby Flay,french,beef,lunch/dinner
9,130,10,"""Sweet but Sour""","MarchÂ 9,Â 2017","Sunny Anderson, Katie Lee",white chocolate,other,"Kym Delost, Chris Teixeira","Michael Laiskonis, Nicole Friday, Niles Noren",apple dumpling,Bobby Flay,american,dessert,dessert
10,131,11,"""Thrown from the Throne""","MarchÂ 16,Â 2017","Amanda Freitag, Simon Majumdar",heirloom carrots,vegetable,"Ian Bowden, Danielle Duran","Erik Ramirez, April Bloomfield, Joey Campanaro",veal piccata,Bobby Flay,italian,veal,lunch/dinner
11,132,12,"""I Thought We Were Friends""","MarchÂ 23,Â 2017","Giada De Laurentiis, Scott Conant",red snapper,fish,"Vuong Loc, Ian Alvarez","Jason Wang, Robbie Shoults, Leah Cohen",chicken pho,Vuong Loc,vietnamese,chicken,lunch/dinner
12,133,13,"""Both Sides of the Coin""","MarchÂ 30,Â 2017","Alex Guarnaschelli, Anne Burrell,",quail eggs,dairy,"Jason Tom, Admir Alibasic","Michael Stillman, Brian Mazza, Harold Moore",sloppy joe,Bobby Flay,american,beef,lunch/dinner
0,134,1,"""Iron Chef Redemption""","AprilÂ 12,Â 2017","Ted Allen, Debi Mazar",sun-dried tomatoes,fruit,"Todd Stein, Paul Virant","Susan Feniger, Billy Durnan, Alex Thermopoulos",brick chicken,Bobby Flay,american,chicken,lunch/dinner
1,135,2,"""Mazel Tov""","AprilÂ 19,Â 2017","Michael Symon, Susan Lucci",broccoli rabe,vegetable,"Alex Reznik, Colin Smith","Lidia Bastianich, Noah Bernamoff, Olivia Culpo",matzo ball soup,Alex Reznik,jewish,chicken,lunch/dinner
2,136,3,"""Challah at Your Boy!""","MayÂ 3,Â 2017","Anne Burrell, Jay Pharoah",challah bread,grain,"Rene Rodriguez, Michael Kramer","Ivy Stark, Jeremy Jacobowirz, Lidia Bastianich",huevos rancheros,Rene Rodriguez,mexican,eggs,breakfast
3,137,4,"""Tame in the Flame""","MayÂ 10,Â 2017","Scott Conant, Busy Philipps",duck confit,meat,"Ivana Raca, Tom Wolfe","Einat Admony, Lazarus Lynch, Anita Lo",branzino,Bobby Flay,,fish,lunch/dinner
4,138,5,"""Inside Scoop""","MayÂ 17,Â 2017","Alex Guarnaschelli, Helene Yorke",top round of beef,meat,"Steven Oakley, Bobby Hanson","Madison Cowan, April Bloomfield, Jimmy Bradley",seafood corndogs,Steven Oakley,american,seafood,lunch/dinner
5,139,6,"""Open Grill Season""","MayÂ 24,Â 2017","Sunny Anderson, Gail Simmons",meyer lemon,fruit,"Brandon Byrd, Nicolay Adinaguev","Michael Lomonaco, Jess Pryles, Robbie Shoults",carne asada,Bobby Flay,mexican,beef,lunch/dinner
6,140,7,"""Friends in All Places""","MayÂ 31,Â 2017",Michael Symon,king crab,fish,"Jet Tila, Alex Guarnaschelli","Ed McFarland, Leah Cohen, Drew Neoporent",sole almondine,Alex Guarnaschelli,french,fish,lunch/dinner
7,141,8,"""The Next Food Network Star Is...""","JuneÂ 7,Â 2017",Alton Brown,persimmons,fruit,"Damaris Phillips, Justin Warner","Donal Brophy, Tricia Williams, Michael Psilakis",tuna noodle casserole,Damaris Phillips,american,fish,lunch/dinner
8,142,9,"""Deja Flay""","JuneÂ 14,Â 2017",Scott Conant,grapefruit,fruit,"Anne Burrell, Marcus Samuelsson","Sileshi Alifom, Sara Moulton, Michael Laiskonis",chicken doro wat,Marcus Samuelsson,ethiopean,chicken,lunch/dinner
9,143,10,"""BBF vs. Chopped""","JuneÂ 22,Â 2017",Ted Allen,colossal shrimp,fish,"Amanda Freitag, Marc Murphy","Najmieh Batmanglij, April Bloomfield, Kristin Sollenne",fesenjÄn,Amanda Freitag,iranian,meat,lunch/dinner
10,144,11,"""Ghosts of Bobby's Past""","JuneÂ 29,Â 2017","Laura Prepon, Daphne Oz",filet mignon,meat,"Einat Admony, Leia Gaccione","Tom Birchard, Susan Ungaro, Alon Shaya",pork chops and applesauce,Bobby Flay,american,pork,lunch/dinner
11,145,12,"""Salty and Sweet""","JulyÂ 6,Â 2017","Katie Lee, Carla Hall",Raisin,fruit,"Bruno Feldeisen, Michelle Gayer","Paulette Goto, David Lebovitz, Nicole Friday",Banana cream pie,Bobby Flay,american,dessert,dessert
12,146,13,"""Record Breaking""","JulyÂ 13,Â 2017","Josh Capon, Jaymee Sire",steamer clams,fish,"Joshua Bedford, Jarad Gallagher","Ed Schoenfeld, Maggie Nemser, Spencer Rubin",egg drop soup,Bobby Flay,chinese,eggs,lunch/dinner
0,147,1,"""Sugar and Spice but not so nice""","JulyÂ 20,Â 2017","Alton Brown, Adam Richman",Coffee Beans,bean,"Josh Johnson, Dana Cree","Samantha Seneviratne, Nils Noren, Raiza Costa",Brownie Sundae,Dana Cree,american,dessert,dessert
1,148,2,"""Fancy vs Rustic""","JulyÂ 27,Â 2017","Sunny Anderson, Katie Lee",Figs,fruit,"Angie Berry, Giuliano Matarese","Ed Brown, Rohini Dey, Corby Kummer",Shrimp and Grits,Bobby Flay,southern usa,shrimp,lunch/dinner
2,149,3,"""Bear-Ware""","AugustÂ 3,Â 2017","Alex Guarnaschelli, Daphne Oz",Merguez sausage,meat,"Hal Holden-Bache, Derek Orrell","Jason Debriere, Claudia Fleming, Craig Samuel",Oysters Rockefeller,Bobby Flay,american,oyster,lunch/dinner
3,150,4,"""Green, White and Red""","AugustÂ 10,Â 2017","Anne Burrell, Scott Conant",Turbot,fish,"Raffaele Ronca, Ken Vedrinski","Frank Prisinzano, Kristin Sollenne, Dan Pashman",Gnudi,Ken Vedrinski,italian,none,lunch/dinner
4,151,5,"""Chop Chop""","AugustÂ 17,Â 2017","Amanda Freitag, Jet Tila",Gruyere Cheese,dairy,"Fabio Mura, Nicole Votano","Glenn Harris, Michele Ragussis, Joe Isidori",Breakfast Sandwich,Bobby Flay,american,eggs,breakfast
5,152,6,"""Familiar Names and Faces""","AugustÂ 24,Â 2017","Ted Allen, Sunny Anderson",Coconut Milk,other,"Stephen Kalt, Brad Spence","Lex Taylor, Raquel Pelzel, Nguyen Tran",Patty Melt,Stephen Kalt,american,beef,lunch/dinner
6,153,7,"""International Showdown""","AugustÂ 31,Â 2017","Katie Lee, Marcus Samuelsson",Green Beans,vegetable,"Alida Solomon, Pasquale Cozzolino","Lauren Hirschberg, Barbara Lynch, Rich Aronovitch",White Clams Pizza,Bobby Flay,american,clams,lunch/dinner
7,154,8,"""Feathered and Fried""","SeptemberÂ 7,Â 2017","Anne Burrell, Marc Murphy",Rabbit Legs,meat,"Thomas Boemer, Darnell Ferguson","Melba Wilson, Daniel Delaney, Sarah Simmons",Fried Chicken,Bobby Flay,southern usa,chicken,lunch/dinner
8,155,9,"""Pulling Out All the Stops""","SeptemberÂ 14,Â 2017","Steve Schirripa, Simon Majumdar",White Anchovies,fish,"Dave Bazirgan, Stephen Jones","Stephen Starr, Susan Povich, Jean-Paul Bourgeois",Hoppin' John,Stephen Jones,southern usa,none,lunch/dinner
9,156,10,"""Number One Baby""","SeptemberÂ 21,Â 2017","Scott Conant, Laura Vitale",Tri-Tip Of Beef,meat,"Nicolas Bour, RJ Moody","Tom Birchard, Leah Cohen, Roberto Trevino",Salt Cod Fritters,Bobby Flay,british,fish,lunch/dinner
10,157,11,"""Drop the Knife""","SeptemberÂ 28,Â 2017","Colin Quinn, Katie Lee",Collard Greens,vegetable,"Diane Vista-Wayne, Lauren Brown","Angie Mar, Ed Mcfarland, Ariane Daguin",Savory Souffle,Lauren Brown,french,,lunch/dinner
11,158,12,"""Boil and Trouble""","OctoberÂ 5,Â 2017","Giada De Laurentiis, Daphne Oz",Pumpkin Seeds,vegetable,"Jeffrey Hansell, Meghann Ward","Wylie Dufresne, Alon Shaya, Dale Talde",Frog Legs,Bobby Flay,french,frog,lunch/dinner
12,159,13,"""We're All Family Here""","OctoberÂ 12,Â 2017","Sophie Flay, Alton Brown",Tomatillos,vegetable,"Jonathan Waxman, Dean Fearing","Marc Vetri, Lourdes Castro, Christian Petroni",Tagliatelle,Bobby Flay,italian,,lunch/dinner
0,160,1,"""Feeling Bleu""","OctoberÂ 19,Â 2017","Alex Guarnaschelli, Bobby Moynihan",Halloumi Cheese,dairy,"Marcellus Coleman, Lionel Haeberle","Raquel Pelzel, Madison Cowan, Keri Glassman",Chicken Cordon Bleu,Lionel Haeberle,french,chicken,lunch/dinner
1,161,2,"""Take a Bao""","OctoberÂ 26,Â 2017","David Alan Grier, Carla Hall",Black Cod,fish,"Suchanan Aksornnan, Richard Hales","Cobi Levy, Angie Mar, Wilson Tang",Pork Bun,Bobby Flay,chinese,pork,lunch/dinner
2,162,3,"""Ain't That Dandy""","NovemberÂ 2,Â 2017","Katie Lee, Ben Feldman",Pork Chops,meat,"Jason Dady, Mike DeCamp","Drew Crane, Dale Talde, Marco Canora",Poke,Bobby Flay,hawaiian,fish,lunch/dinner
3,163,5,"""The Iron Age""","NovemberÂ 9,Â 2017","Alex Guarnaschelli, Simon Majumdar",Onions,vegetable,"Jose Garces, Stephanie Izard","Donatella Arpaia, Madison Cowan, Susan Ungaro",Seafood Paella,Bobby Flay,spanish,seafood,lunch/dinner
4,164,5,"""Turkey's Done""","NovemberÂ 16,Â 2017","Sunny Anderson, Sophie Flay",Turkey Cutlets,meat,"Clayton Chapman, Tony Priolo","Brian Mazza, Einat Admony, Ronnie Woo",Pumpkin Ravioli,Tony Priolo,italian,none,lunch/dinner
5,165,6,"""Sea Shells by the Sea Shore""","NovemberÂ 23,Â 2017","Marcus Samuelsson, Michael Voltaggio",Sea Urchin,fish,"Ed Harris, Jason McLeod","Michael Schulson, Abigail Hitchcock, Alain Allegretti",Coquilles St.-Jacques,Bobby Flay,,scallop,lunch/dinner
6,166,7,"""Rotten Tomatoes for Bobby""","NovemberÂ 30,Â 2017","Scott Conant, Helene Yorke",Green Tomatoes,vegetable,"Andre Fowles, Darren Sayphraraj","Ed Schoenfeld, Aliya Leekong, Nigel Spence",Hot And Sour Soup,Darren Sayphraraj,chinese,,lunch/dinner
7,167,8,"""Holidays Are for Battle""","DecemberÂ 7,Â 2017","Alex Guarnaschelli, Tia Mowry",Cornish Game Hens,meat,"Simone Falco, Eoghain O'Neill","Ariane Daguin, Frank Prisinzano, Jackie Gebel",Ossobuco,Simone Falco,italian,veal,lunch/dinner
8,168,9,"""Cracking a Win""","DecemberÂ 14,Â 2017","Anne Burrell, Andrew Zimmern",Soft Shell Crabs,fish,"David Baruthio, Blake Hartwick","Michael Lomonaco, Ali Rosen, Daniel Eddy",Scotch Egg,Bobby Flay,british,sausage,breakfast
9,169,10,"""Who Done It?""","JanuaryÂ 4,Â 2018","Lorraine Pascale, Damaris Phillips",Prosecco,other,"Jeremy Fogg, Andrea Bergin","Paulette Goto, Zac Young, Marcy Blum",Ice Cream Sandwich,Jeremy Fogg,american,dessert,dessert
10,170,11,"""Clamming Up""","JanuaryÂ 11,Â 2018","Amanda Freitag, Geoffrey Zakarian",Cockles,fish,"Kiran Patnam, Jonathan Wu","Tricia Williams, Jehangir Mehta, Tracy Jane Young",Butter Chicken Masala,Kiran Patnam[15],indian,chicken,lunch/dinner
11,171,12,"""Midwest Swing""","JanuaryÂ 18,Â 2018","Katie Lee, Daphne Oz",Hake,fish,"Daniel Angerer, Mike Johnson","Andrew Friedman, Lucinda Scala Quinn, Hugh Mangum",Barbecued Chicken,Bobby Flay,american,chicken,lunch/dinner
12,172,13,"""Peeling Away""","JanuaryÂ 25,Â 2018","Ted Allen, Busy Philipps",Bananas,fruit,"Amanda Rockman, Vicki Wells","Nils NorÃ©n, Raiza Costa, Scott Levine",Tiramisu,Amanda Rockman,italian,dessert,dessert
0,173,1,"""Big Dog on the Block""","DecemberÂ 21,Â 2017","Sunny Anderson, Josh Denny",Ostrich Egg,dairy,"Harold Baker, Tony Minadakis","Craig Samuel, Kardea Brown, Matt FX",Ginormous Seafood Sandwich,Bobby Flay,american,seafood,lunch/dinner
1,174,2,"""Windy City Wants More""","DecemberÂ 28,Â 2017","Scott Conant, Hannah Hart",Purple Potatoes,other,"David Adjey, Cory Morris","Billy Durney, Lourdes Castro, Isaac Toups",Ropa Vieja,Cory Morris,cuban,beef,lunch/dinner
2,175,3,"""Bobby Gets Sacked""","FebruaryÂ 1,Â 2018","Eddie Jackson, Jaymee Sire",Bratwurst,meat,"Paul Malvone, Jack Riebel","Jeremy Ford, Melba Wilson, Robbie Shoults",Jucy Lucy,Bobby Flay,american,beef,lunch/dinner
3,176,4,"""Broken Hearts""","FebruaryÂ 8,Â 2018","Anne Burrell, Scott Conant",Maraschino cherry,fruit,"Robert Nieto, Caroline Schiff","Jacques Torres, Samantha Seneviratne, Alan Rosen",Chocolate tart,Bobby Flay,french,dessert,dessert
4,177,5,"""Going Loco""","FebruaryÂ 15,Â 2018","Eddie Jackson, Damaris Phillips",Shishito Peppers,vegetable,"Mike Andrzejewski, Anthony Nelson","Chung Chow, Nicole Ponseca, Corby Kummer",Loco moco,Mike Andrzejewski,hawaiian,beef,lunch/dinner
5,178,6,"""Sour With The Sweet""","FebruaryÂ 22,Â 2018","Sunny Anderson, Josh Capon",Cowboy Rib eye steak,meat,"Robert Cho, Brian Malarkey","Leah Cohen, Rich Aronovitch, Dana Cowin",Monte Cristo sandwich,Bobby Flay,american,pork,lunch/dinner
6,179,7,"""Stuffed and Fried""","MarchÂ 1,Â 2018","Katie Lee, Jet Tila",Langoustine,fish,"Crista Luedtke, Alan Vargas","Brian Duffy, Ivy Stark, Akhtar Nawab",Chimichanga,Bobby Flay,mexican,beef,lunch/dinner
7,180,8,"""At It Again""","MarchÂ 8,Â 2018","Ted Allen, Marc Murphy",Squid Ink,fish,"Seis Kamimura, Demetrio Zavala","Michael Psilakis, Leah Cohen, Christian Petroni",Beef Bulgogi,Bobby Flay,korean,beef,lunch/dinner
8,181,9,"""Surf's Up""","MarchÂ 15,Â 2018","Anne Burrell, Loni Love",Basil,vegetable,"Paras Shah, Sheldon Simeon","Bill Telepan, Nicole Ponseca, Roberto TreviÃ±o",Pork Adobo,Bobby Flay,mexican,pork,lunch/dinner
9,182,10,"""Revenge Is Best Served Bold""","MarchÂ 22,Â 2018","Scott Conant, Laura Vitale",Zucchini,vegetable,"Leia Gaccione, Tony Nguyen","Glenn Harris, Rohini Dey, Hung Huynh",Brunch Burger,Bobby Flay,american,beef,breakfast
10,183,11,"""Ladies Don't Play""","MarchÂ 29,Â 2018","Daphne Oz, Michael Voltaggio",Fava Beans,bean,"Aarthi Sampath, Zoe Schor","Hari Nayak, Alison Roman, Albert Di Meglio",Chicken Biryani,Aarthi Sampath,indian,chicken,lunch/dinner
11,184,12,"""Not a Speck""","AprilÂ 5,Â 2018","Sunny Anderson, Carla Hall",Speck,meat,"Jonah Miller, Ronny Miranda","Seamus Mullen, Ingrid Hoffmann, David Santos",Peri Peri Chicken,Bobby Flay,portuguise,chicken,lunch/dinner
12,185,13,"""Getting Crabby""","AprilÂ 12,Â 2018","Alex Guarnaschelli, Jet Tila",Cucumber,vegetable,"Mark Laubner, Brendan Pelley","Michael Psilakis, April Bloomfield, Drew Nieporent",Crab cake sandwich,Bobby Flay,american,crab,lunch/dinner
0,186,1,"""Red Hot""","AprilÂ 19,Â 2018","Katie Lee, Giada De Laurentiis",Red Kidney bean,bean,"Ashbell McElveen, John Cox","Dale Talde, Ivy Stark, Lazarus Lynch",Pancake,Bobby Flay,american,none,breakfast
1,187,2,"""Worldly Ways""","AprilÂ 26,Â 2018","Sunny Anderson, Andrew Zimmern",Manchego,dairy,"Jared Forman, Fabio Viviani","Frank Prisinzano, Lidia Bastianich, Marco Canora",Spaghetti with meatballs,Fabio Viviani,italian,meat,lunch/dinner
2,188,3,"""Sticky Situation""","MayÂ 3,Â 2018","Michael Symon, Marcela Valladolid",Peanut butter,other,"Clarice Lam, Avery Ruzicka","Jen King, Zac Young, Tracy Obolsky",S'more,Bobby Flay,american,dessert,dessert
3,189,4,"""Sprung a Leek""","MayÂ 10,Â 2018","Damaris Phillips, Amanda Freitag",Leek,vegetable,"Shota Nakajima, Jamie Gwen","Drew Nieporent, Sara Gore, Charles Parker",Tempura,Shota Nakajima,japanese,seafood,lunch/dinner
4,190,5,"""Stealing the Spotlight""","MayÂ 17,Â 2018","Ina Garten, Laura Benanti",Dates,fruit,"Paulette Goto, Ed Schoenfeld","Mary Sue Milliken, Michael Solomonov, Lucinda Scala Quinn",Chicken marsala,Bobby Flay,italian,chicken,lunch/dinner
5,191,6,"""Grill Me""","MayÂ 24,Â 2018","Katie Lee, Mekhi Phifer",Korean-Style Short ribs,meat,"Lisa Dahl,[16] Nathan Gresham","Timothy Walker, Sasha Miranda, Brian Duffy",Beef Slider,Bobby Flay,american,beef,lunch/dinner
6,192,7,"""Eye of the Tiger""","MayÂ 31,Â 2018","Alex Guarnaschelli, Eddie Jackson",Tiger Prawns,fish,"Dale Levitski, Manish Tyagi","Jehangir Mehta, Elise Kornack, Ronnie Woo",Palak paneer,Manish Tyagi,indian,none,lunch/dinner
7,193,8,"""Food Star Face-Off""","JuneÂ 7,Â 2018","Anne Burrell, Patti LaBelle",Manila Clams,fish,"Dom Tesoriero, Viet Pham[17]","Hugh Mangum, Dana Cowin, John Seymour",Hot chicken,Viet Pham,american,chicken,lunch/dinner
8,194,9,"""Beauty and the Beast""","JuneÂ 14,Â 2018","Scott Conant, Olivia Culpo",Smoked salmon,fish,"Deb Caplan, Nicholas Lisotto","Jacob Hadjigeorgis, Melba Wilson, Christian Petroni",Cacio e pepe,Bobby Flay,italian,none,lunch/dinner
9,195,10,"""Skirting By""","JuneÂ 21,Â 2018","Sunny Anderson, Susie Essman",Skirt steak,meat,"Robert Sisca, Michael Brennan","Frank Pellegrino, Jr., Rosanna Scotto, Ed McFarland",Bouillabaisse,Robert Sisca,french,fish,lunch/dinner
10,196,11,"""Blast From the Past""","JuneÂ 28,Â 2018","Amanda Freitag, Katie Lee",T-bone steak,meat,"Allison Fasano, Paul Del Favero","Gabriel Israel, Lourdes Castro, David Santos",Seafood Cataplana,Bobby Flay,portuguise,seafood,lunch/dinner
11,197,12,"""Hit Him Again""","JulyÂ 5,Â 2018","Scott Conant, Daphne Oz",Rainbow Chard,vegetable,"Thomas Boemer, Bao Bao","Sohui Kim, John Terzian, Tracy Jane Young",Chicken and dumplings,Thomas Boemer,american,chicken,lunch/dinner
12,202,13,"""Fields of Green""","AugustÂ 2,Â 2018","Alex Guarnaschelli, Damaris Phillips",Mustard Greens,vegetable,"Maeve Rochford, Navjot Arora","Hari Nayak, Aliya LeeKong, Lisle Richards",Savory Hand Pies,Bobby Flay,british,meat,lunch/dinner
0,198,1,"""Judges As Contenders""","JulyÂ 12,Â 2018","Sunny Anderson, Marcus Samuelsson",Stout,other,"Michael Psilakis, Seamus Mullen","Elly Truesdell, Michael Lomonaco, Ariane Daguin",Coconut Seafood Curry,Bobby Flay,thai,seafood,lunch/dinner
1,199,2,"""Waltz Up a Win""","JulyÂ 19,Â 2018","Derek Hough, Carla Hall",Honeycomb toffee,other,"Olivier Palazzo, Katy Gerdes","Paulette Goto, Scott Levine, Ayala Donchin",Chocolate SoufflÃ©,Olivier Palazzo,french,dessert,dessert
2,200,3,"""Culinary Knockout""","JulyÂ 26,Â 2018","Giada De Laurentiis, Michael Voltaggio",Snap pea,vegetable,"Geronimo Lopez, Frances Tariga","Seamus Mullen, Nicole Ponseca, Corby Kummer",Lomo saltado,Bobby Flay,peruvian,beef,lunch/dinner
3,201,4,"""Flying Aubergines""","JulyÂ 29,Â 2018","Anne Burrell, Jet Tila",Japanese Eggplant,vegetable,"Tony Gemignani, Robert Aikens","Ken Oringer, Tricia Williams, Madison Cowan",Bubble and squeak,Robert Aikens,british,none,lunch/dinner
4,203,5,"""Winning in My Dreams""","AugustÂ 5,Â 2018","Debbie Gibson, Katie Lee",Quahog Clam,fish,"Ype Von Hengst, William Wright","Peter Giannakis, Sawako Okochi, Michael Vignola",Chicken Satay,Bobby Flay,thai,chicken,lunch/dinner
5,204,6,"""Never Give Up""","AugustÂ 9,Â 2018","Alex Guarnaschelli, Stephanie Izard",Tasso ham,meat,"Pasquale Cozzolino, Ivana Raca","Michel Nischan, Sara Gore, Michael Psilakis",Gnocchi,Ivana Raca,italian,none,lunch/dinner
6,205,7,"""Chocolate Victory""","AugustÂ 16,Â 2018","Michael Symon, Valerie Bertinelli",Mexican Chocolate,other,"Katy Smith, Jose Guerrero","Felipe Donnelly, Ivy Stark, Michael Schulson",Tlayuda,Bobby Flay,mexican,meat,lunch/dinner
7,206,8,"""Joke's on Bobby""","AugustÂ 23,Â 2018","Emilie de Ravin, Katie Lee",Quinoa,grain,"Jamie Lynch, Shorne Benjamin","Carlos Swepson, Hannah Bronfman, Bill Telepan",Pumpkin Curry,Bobby Flay,thai,none,lunch/dinner
8,207,9,"""Fit to Flay""","AugustÂ 30,Â 2018","Scott Conant, Jane Seymour",Mascarpone Cheese,dairy,"Silvia Barban, Nate Appleman","Rob Petrone, Donatella Arpaia, Jimmy Bradley",Chicken Adobo,Bobby Flay,mexican,chicken,lunch/dinner
9,208,10,"""Skating By""","SeptemberÂ 6,Â 2018","Anne Burrell, Jaymee Sire",Skate,fish,"Nicole Brisson, Adam Greenberg","Leah Cohen, Albert Di Meglio, Einat Admony",Chicken Scarpariello,Adam Greenberg,italian,chicken,lunch/dinner
10,209,11,"""Feel The Judgment""","SeptemberÂ 13,Â 2018","Jet Tila, Laura Vitale",Salt Cod,fish,"Christian Petroni, Leah Cohen","Bill Telepan, Raiza Costa, Garrison Price",Fregula and Clams,Bobby Flay,italian,clams,lunch/dinner
11,210,12,"""Chop of the Mornin' to Ya""","SeptemberÂ 20,Â 2018","Amanda Freitag, Laura Vitale",Lamb Loin chop,meat,"Asif Syed, Jordan Frosolone","Hari Nayak, Alison Roman, Sabin Lomac",Tandoori Chicken,Asif Syed,indian,chicken,lunch/dinner
12,212,13,"""Fright Club""","OctoberÂ 4,Â 2018","Jesse Palmer, Eddie Jackson",Chicken Livers,meat,"John Patterson, Frank Terzoli","Aliya LeeKong, Joe Isidori, Ingrid Hoffmann",Squid Ink Pasta,Bobby Flay,italian,seafood,lunch/dinner
0,211,1,"""Shucking The Competition""","SeptemberÂ 27,Â 2018","Geoffrey Zakarian, Damaris Phillips",Oysters,fish,"Laurent Zirotti, Eric Damidot","Ariane Daguin, Brian Mazza, Elise Kornack",Beef Bourguignon,Bobby Flay,french,beef,lunch/dinner
1,213,2,"""Aged to Perfection""","OctoberÂ 11,Â 2018","Michael Strahan, Michael Symon",Aged Balsamic vinegar,other,"Anastacia Song, Joey Ward","Michael Schulson, Leah Cohen, Richie Notar",Chicken and waffles,Joey Ward,american,chicken,lunch/dinner
2,214,3,"""Family Matters""","OctoberÂ 18,Â 2018","Daphne Oz, Jourdan Dunn",Fresh Apricot,fruit,"Beto Rodarte, Julian Rodarte","Jason Debriere, Pati Jinich, Lisle Richards",Fideos Carnitas,Bobby Flay,mexican,pork,lunch/dinner
3,215,4,"""Knighted Sir Loin""","OctoberÂ 25,Â 2018","Alex Guarnaschelli, Michael Voltaggio",Lamb Sirloin,meat,"Tracey Shepos Cenami, John Vitale","Michael Psilakis, Lucinda Scala Quinn, Madison Cowan",Eggplant Rollatini,Bobby Flay,italian,none,lunch/dinner
4,216,5,"""Baked to Perfection""","NovemberÂ 1,Â 2018","Ted Allen, Gesine Bullock-Prado",Pecans,other,"Mathew Rice, Thiago Silva","Amirah Kassem, Paulette Goto, Ayala Donchin",Chocolate Layer Cake,Thiago Silva,,dessert,dessert
5,217,6,"""Drop the Mic""","NovemberÂ 8,Â 2018","Amanda Freitag, Jo Koy",Monkfish,fish,"Ryan Hackney, Nora Haron","Dale, Anita, Simpson Wong",Gai Yang chicken,Bobby Flay,thai,chicken,lunch/dinner
6,218,7,"""Stuffed With Victory""","NovemberÂ 15,Â 2018","Geoffrey Zakarian, Sara Haines",Brussels Sprouts,vegetable,"Bernard Carmouche, Daniel Sharp","Georgette Farkas, Frank Prisinzano, Allison Fasano",Roasted Chicken,Bobby Flay,,chicken,lunch/dinner
7,219,8,"""Say Cheese!""","NovemberÂ 22,Â 2018","Giada De Laurentiis, Sunny Anderson",Gorgonzola cheese,dairy,"Duskie Estes, Francesco Buitoni","Dale Talde, Ivy Stark, Kevin Sbraga",Seafood Fra Diavolo,Bobby Flay,italian,seafood,lunch/dinner
8,220,9,"""Cream of the Crop""","NovemberÂ 29,Â 2018","Katie Lee, Valerie Bertinelli",Cream cheese,dairy,"Chris Henry, Steve Gedra","Craig Samuel, Dana Cowin, Tom Birchard",Fried Green Tomato Sandwich,Chris Henry,american,none,lunch/dinner
9,221,10,"""Wrapping Up Victory""","DecemberÂ 6,Â 2018","Amanda Freitag, Jamie-Lynn Sigler",Dried cranberry,fruit,"Ron Duprat, Gabriel Pascuzzi","Marc Vetri, Rosanna Scotto, Mark Ladner",Cioppino,Bobby Flay,american,seafood,lunch/dinner
10,222,11,"""Sprouting Victory""","DecemberÂ 27,Â 2018","Scott Conant, Anne Burrell",Mushrooms,vegetable,"Lawrence Letrero, Jack Moore","Ronnie Woo, Sara Gore, Pete Levin",Poutine,Bobby Flay,canadian,none,lunch/dinner
11,223,12,"""Sweet, Sweet Revenge!""","JanuaryÂ 3,Â 2019","Michael Symon, Josh Capon",Blueberry,fruit,"Clarice Lam, Caroline Schiff","Paulette Goto, Melissa Weller, Emma Bengtsson",Key lime pie,Bobby Flay,american,dessert,dessert
12,224,13,"""Heavy Lifting""","JanuaryÂ 10,Â 2019","Alton Brown, Jet Tila",Soppressata,meat,"Jonathon Sawyer, Mark Ladner","Frank Prisinzano, Rita Jammet, Fabio Trabocchi",Shrimp Scampi,Bobby Flay,italian,shrimp,lunch/dinner
13,225,14,"""Oh Brother""","JanuaryÂ 17,Â 2019","Alex Guarnaschelli, Gus Kenworthy",Porgy,fish,"Brian Redzikowski, Steve Redzikowski","Hannah Cheng, Christian Petroni, Marian Cheng",Asian Dumplings,Steve Redzikowski,asian,,lunch/dinner
0,226,1,"""Take Him to Fresno""","JanuaryÂ 24,Â 2019","Alex Guarnaschelli, Ben Rappaport",Fresno Chiles,vegetable,"Chad Clevenger, Anita Cartagena","David Massoni, Aliya LeeKong, Jonah Reider",Empanada,Chad Clevenger,latin,beef,lunch/dinner
1,227,2,"""Game On""","JanuaryÂ 31,Â 2019","Anne Burrell, Eddie Jackson",Pickles,vegetable,"Jeff Henderson, Ashley Gaboriault","Pete Levin, Grace Ramirez, Wylie Dufresne",Chili Cheese fries,Ashley Gaboriault,american,beef,lunch/dinner
2,228,3,"""Old Friends""","FebruaryÂ 3,Â 2019","Ted Allen, Sunny Anderson",Cabbage,vegetable,"Michael Psilakis, Einat Admony","Christian Petroni, Leah Cohen, Bryce Shuman",Lamb Risotto,Michael Psilakis,italian,lamb,lunch/dinner
3,229,4,"""Getting Nutty""","FebruaryÂ 7,Â 2019","Laura Vitale, Michael Voltaggio",Macadamia Nuts,other,"Alex Brugger, Tatiana Rosana","Louie Estrada, Donatella Arpaia, Felipe Donnelly",FricasÃ© de Pollo,Bobby Flay,cuban,chicken,lunch/dinner
4,230,5,"""Choc-O-Love""","FebruaryÂ 14,Â 2019","Alton Brown, Valerie Bertinelli",Cocoa Nibs,other,"Ryan Scott, David Lebovitz","Corby Kummer, Jen King, Michael Laiskonis",Flourless Chocolate cake,Bobby Flay,french,dessert,dessert
5,231,6,"""Don't Drop The Beat (Bobby)""","FebruaryÂ 21,Â 2019","Michael Symon, Brooke Shields",Fregula,grain,"Carla Pellegrino, Idris Muhammad","Sara Gore, Ray Garcia, Rosanna Scotto",Braciole,Bobby Flay,italian,beef,lunch/dinner
6,232,7,"""Off to the Races""","FebruaryÂ 28,Â 2019","Josh Capon, Carolyn Manno",Rice noodles,grain,"Jouvens Jean, Bruce Naftaly","John Seymour, Lourdes Castro, Tom Birchard",Ham Croquettes,Bobby Flay,french,pork,lunch/dinner
7,233,8,"""Donâ€™t Sour Out""","MarchÂ 7,Â 2019","Katie Lee, Marc Murphy",Sourdough bread,grain,"Austin Cobb, Silvia Baldini","Marco Canora, Angie Rito, Laurent Tourondel",Pasta Primavera,Bobby Flay,italian,none,lunch/dinner
8,234,9,"""Mince Meat""","MarchÂ 14,Â 2019","Scott Conant, Donatella Arpaia",Ground Veal,meat,"Fernando Ruiz, Paco Garcia","Joe Isidori, Sue Torres, Seamus Mullen",Chiles en nogada,Fernando Ruiz,mexican,dessert,lunch/dinner
9,235,10,"""Greeking Out""","MarchÂ 21,Â 2019","Anne Burrell, Jose Garces",Greek Yogurt,dairy,"Ryan Lory, Aneesa Waheed","Alain Allegretti, Tricia Williams, Akhtar Nawab",Coq au vin,Bobby Flay,french,chicken,lunch/dinner
10,236,11,"""A Marital Match""","MarchÂ 28,Â 2019","Sunny Anderson, Jeff Mauro",Honeydew,fruit,"Sam Carroll, Cody Carroll","Melba Wilson, Trigg Brown, Kardea Brown",Chicken Gumbo,Sam Carroll,southern usa,chicken,lunch/dinner
11,237,12,"""Nutty Times""","AprilÂ 4,Â 2019","Geoffrey Zakarian, Amanda Freitag",Almond butter,other,"Dante Giannini, Eliza Gavin","Sara Moulton, Ed Brown, Ariane Daguin",Crab cake,Bobby Flay,american,crab,lunch/dinner
0,238,1,"""Against the Grain""","AprilÂ 11,Â 2019","Ted Allen, Damaris Phillips",Farro,grain,"Sara Nguyen, Paul Fehribach","Andrew Friedman, Aliya LeeKong, Jimmy Bradley",Egg & Cheese,Paul Fehribach,american,eggs,breakfast
1,239,2,"""They Took the Cheese""","AprilÂ 18,Â 2019","Marcus Samuelsson, Anne Burrell",Swiss cheese,dairy,"Roshni Gurnani, Carl Schaubhut","Sam Talbot, Andrienne Cheatham, Vikas Khanna",Goat Kebab,Bobby Flay,middle eastern,goat,lunch/dinner
2,240,3,"""A Tropical Punch""","AprilÂ 25,Â 2019","Katie Lee, Scott Conant",Mangoes,fruit,"Zach Meloy, Matt Pace","Ken Oringer, Georgette Farkas, Richie Notar",Fried Oyster Po'boy,Matt Pace,southern usa,oyster,lunch/dinner
3,241,4,"""Pump It Up""","MayÂ 2,Â 2019","Tony Rock, Alex Guarnaschelli",Pumpernickel Bread,grain,"Bill Clifton, Stephan Bogurdus","Jimmy Bradley, Melba Wilson, Michael Lomonaco",Corn Chowder,Bobby Flay,american,none,lunch/dinner
4,242,5,"""Something's Fishy""","MayÂ 5,Â 2019","Richard Blais, Natalie Morales",Bluefish,fish,"Coby Farrow, Johnny Hernandez","Sara Moulton, Michael Psilakis, Lourdes Castro",Shrimp Taco,Bobby Flay,mexican,shrimp,lunch/dinner
5,243,6,"""Grapes of Wrath""","MayÂ 9,Â 2019","Alex Guarnaschelli, Buddy Valastro",Grapes,fruit,"Paulette Goto, Zac Young","Claudia Fleming, Corby Kummer, Raiza Costa",Carrot Cake,Zac Young,french,dessert,dessert
6,244,7,"""Making Headlines""","MayÂ 16,Â 2019","Dylan Dreyer, Scott Conant",Pinto Beans,bean,"Patrick Simpson, Alvin Savella","Frank Prisinzano, Lucinda Scala Quinn, Chung Chow",Jerk Snapper,Bobby Flay,caribean,fish,lunch/dinner
7,245,8,"""Flame-tastic!""","MayÂ 23,Â 2019","Alex Guarnaschelli, Michael Symon",Plums,fruit,"Armando Litiatco, Mikala Brennan","Lourdes Castro, David Santos, Michele Ragussis",Skirt steak Churrasco,Bobby Flay,spanish,beef,lunch/dinner
8,246,9,"""Bye Bye Birdie""","MayÂ 30,Â 2019","Michael Symon, Jet Tila",Boneless Quail,meat,"Rebecca Weitzman, Brian Lewis","Spike Mendelsohn, Lucinda Scala Quinn, Cesare Casella",Sacchettoni,Brian Lewis,italian,none,lunch/dinner
9,247,10,"""Give Me Some Mo!""","JuneÂ 6,Â 2019","Sunny Anderson, Katie Lee",Lentils,grain,"Andre Gomez, Ramon Perez","Ivy Stark, Jackfry Rosado, Grace Ramirez",Beef Mofongo,Bobby Flay,puerto rican,beef,lunch/dinner
10,248,11,"""Grind it Out!""","JuneÂ 13,Â 2019","Michael Voltaggio, Tony Hawk",Andouille,meat,"Pablo Zitzmann, Ming Pu","Wilson Tang, Leah Cohen, Josh Grinker",Kung Pao chicken,Pablo Zitzmann,chinese,chicken,lunch/dinner
11,249,12,"""Chi-Town Throws Down""","JuneÂ 20,Â 2019","Carla Hall, Sophia Bush",Edamame,vegetable,"Aaron Cuschieri, Jill Barron","David Massoni, Sara Gore, Akhtar Nawab",Fish and chips,Aaron Cuschieri,british,fish,lunch/dinner
12,250,13,"""Double Trouble""","JuneÂ 20,Â 2019","Damaris Phillips, Daphne Oz",Brie,dairy,"Enrique Limardo, Jeff Smedstad","Alex Garcia, Vivian Chan, Ricardo Cardona",Chicken enchilada,Bobby Flay,mexican,chicken,lunch/dinner
0,251,1,"""Use Your Noodle""","JuneÂ 27,Â 2019","Scott Conant, Geoffrey Zakarian",Soba Noodles,grain,"Philippe Haddad, Melissa O'Donnell","Jean-Paul Bourgeois, Jumana Bishara, Christian Schienle",Lamb Kofta,Bobby Flay,middle eastern,lamb,lunch/dinner
1,252,2,"""A Taste Of Summer""","JulyÂ 4,Â 2019","Noah Cappe, Anne Burrell",Passion Fruit,fruit,"Mark Peel, Nick Williams","Ed McFarland, Susan Povich, Kevin Sbraga",Fried Belly Clam Roll,Nick Williams,american,clams,lunch/dinner
2,253,3,"""Snaked Out""","JulyÂ 11,Â 2019","Marc Murphy, Chris Santos",Cashew,other,"Derek Simcik, Sylva Senat","Einat Admony, Corby Kummer, Adrienne Cheatham",Shakshuka,Bobby Flay,indian,eggs,breakfast
3,254,4,"""Seeing Stars""","JulyÂ 18,Â 2019","Damaris Philips, Richard Blais",Breakfast Sausage,meat,"Alex McCoy, Jay Ducote","Jean-Paul Bourgeois, Hong Thaimee, Floyd Cardoz",Crawfish Boil,Jay Ducote,american,seafood,lunch/dinner
4,255,5,"""It's A Date""","JulyÂ 25,Â 2019","Alex Guarnaschelli, Alton Brown",Veal Rib Chops,meat,"Lisa Carlson, Carrie Summer","Michael Psilakis, Ayala Donchin, Jake Dell",Meatloaf Sandwich,Bobby Flay,american,meat,lunch/dinner
5,256,6,"""Finding Stars""","AugustÂ 1,Â 2019","Giada De Laurentiis, Jess Cagle",Arugula,vegetable,"Pano Karatassos, Mimi Weissenborn","Michael Lomonaco, Michele Ragussis, Daniel Breaker",Lamb Pie,Pano Karatassos,british,lamb,lunch/dinner
6,257,7,"""Clear The Deck""","AugustÂ 8,Â 2019","Daphne Oz, Eddie Jackson",Beef Rib Cap,meat,"Daniel Gomez Sanchez, Matthew Ridgway","Tricia Williams, Madison Cowan, Keri Glassman",Sole meuniere,Bobby Flay,french,fish,lunch/dinner
7,258,8,"""Break A Plate!""","AugustÂ 15,Â 2019","Damaris Phillips, Rachael Ray",Rye Bread,grain,"Adam Leonti, Anthony Scolaro","Frank Prisinzano, Georgette Farkas, Adam Greenberg",Vegetable Lasagna,Bobby Flay,italian,none,lunch/dinner
8,259,9,"""Funny or Fried""","AugustÂ 22,Â 2019","Alton Brown, Amanda Freitag",Taleggio Cheese,dairy,"Gregory Wiener, Daphne Brogdon","Richie Notar, Sue Torres, Hugh Mangum",Cuban Sandwich,Bobby Flay,cuban,pork,lunch/dinner
0,260,1,"""A Proper Smackdown""","AugustÂ 29,Â 2019","Valerie Bertinelli, Clinton Kelly",Asian Pears,fruit,"Ian Winslade, Geoff Rhyne","Michael Solomonov, Adrienne Cheatham, Alain Allegretti",Fisherman's Pie,Ian Winslade,british,fish,lunch/dinner
1,261,2,"""A Pioneering Ordeal""","SeptemberÂ 5,Â 2019",Alex Guarnaschelli. Ree Drummond,Hanger Steak,meat,"Jamarius Banks, Vince Giancarlo","Jean-Paul Bourgeois, Melba Wilson, Adrienne Cheatham",Shrimp and Grits,Bobby Flay,southern usa,shrimp,lunch/dinner
2,262,3,"""It's Gonna Be A Late Night""","SeptemberÂ 12,Â 2019","Michael Symon, Seth Meyers",Duck Bacon,meat,"Carrie Baird, Lamar Moore","Sara Moulton, Craig Samuel, Ariel Fox",Huevos Rancheros,Carrie Baird,mexican,eggs,breakfast
3,263,4,"""All In The Family""","SeptemberÂ 19,Â 2019","Carla Hall, Jesse Tyler Ferguson",Horseradish,other,"Michael Bertozzi, Mika Leon","Louie Estrada, Lourdes Castro, Chris Cheung",Picadillo,Bobby Flay,latin,beef,lunch/dinner
4,264,5,"""It's Gonna Be Jarring""","SeptemberÂ 26,Â 2019","Anne Burrell, Carson Kressley",Anchovy,fish,"Kevin Sweeney, Nicco Muratore","Albert Di Meglio, Lauren Scala, Lisle Richards",Agnolotti,Bobby Flay,italian,none,lunch/dinner
5,265,6,"""Bobby vs. Food""","SeptemberÂ 26,Â 2019","Eddie Jackson, Casey Webb",Olive,vegetable,"Eric Bolyard, Sarah Murray","Einat Admony, Lisle Richards, Alison Roman",ArrÃ²s negre,Bobby Flay,spanish,seafood,lunch/dinner
6,266,7,"""Fey vs. Flay""","OctoberÂ 3,Â 2019","Alex Guarnaschelli, Tina Fey",Rutabaga,vegetable,"Alexcia Smith, Asia Mei","Lucinda Scala Quinn, Michael Lomonaco, Esther Choi",Lamb Shawarma,Bobby Flay,middle eastern,lamb,lunch/dinner
7,267,8,"""They Had Style, They Had Food""","OctoberÂ 10,Â 2019","Scott Conant, Fran Drescher",Ginger,other,"Jessica Scott, Shelby Sieg","Amirah Kassem, David Lebovitz, Paulette Goto",Olive Oil Cake,Shelby Sieg,french,dessert,dessert
8,268,9,"""Keeping It Real""","OctoberÂ 17,Â 2019","Ted Allen, Jeannie Mai",Rolled Oats,grain,"Giuseppe Fanelli, Ryan Depersio","Richie Notar, Georgette Farkas, David Massoni",Chicken Cacciatore,Bobby Flay,italian,chicken,lunch/dinner
9,269,10,"""It Must've Been Love""","OctoberÂ 24,Â 2019","Jet Tila, Ali Tila",Papaya,fruit,"Ricardo Castro, Rosana Rivera","Akhtar Nawab, Ivy Stark, Matt FX",Beef Empanada,Rosana Rivera,latin,beef,lunch/dinner
10,270,11,"""Gobble Till You Wobble""","NovemberÂ 14,Â 2019","Alex Guarnaschelli, Jay Pharoah",Cornbread,grain,"Jason Bissell, Tirzah Love","Wylie Dufresne, Einat Admony, Adam Sappington",Turkey Meatloaf,Bobby Flay,american,turkey,lunch/dinner
11,271,12,"""A Good Day for a Win""","DecemberÂ 26,Â 2019","Katie Lee, Mikey Day",Kumquat,fruit,"Minnie Nguyen, Adam Hodgson","Sara Gore, Kardea Brown, Pati Jinich",Egg Rolls,Bobby Flay,chinese,eggs,lunch/dinner
12,272,13,"""Winter Win-Derland""","JanuaryÂ 2,Â 2020","Michael Symon, Bethenny Frankel",Venison Loin,meat,"Kevin Hickey, Andrew Wilson","Daniel Breaker, Lucinda Scala Quinn, Daniel Eddy",Duck a l'orange,Bobby Flay,french,duck,lunch/dinner
0,273,1,"""You Look Radishing""","JanuaryÂ 5,Â 2020","Giada De Laurentiis, Betsy Brandt",Radish,vegetable,"Charlie Loomis, Israel Rivera","Richie Notar, Sue Torres, James Briscione",Eggs Benedict,Charlie Loomis,french,eggs,breakfast
1,274,2,"""Don't Fiddle Around!""","JanuaryÂ 9,Â 2020","Josh Capon, Teri Hatcher",Fiddlehead Ferns,vegetable,"Geoff Lazio, Daniel Wright","Ronnie Woo, Rosanna Scotto, Ed McFarland",Baked Clams,Bobby Flay,french,clams,lunch/dinner
2,275,3,"""That's Amore""","JanuaryÂ 12,Â 2020","Carla Hall, Christian Petroni",Chanterelle Mushrooms,vegetable,"Chris Thompson, Daniele Uditi","JJ Johnson, Lauren Scala, Joe Isidori",Pizza Bianca,Daniele Uditi,italian,none,lunch/dinner
3,276,4,"""America's Funniest Food Show""","JanuaryÂ 16,Â 2020","Anne Burrell, Bob Saget",Fontina,dairy,"Sam Diminich, Aliza Green","Marco Canora, Susan Povich, Michael Psilakis",Lobster Risotto,Sam Diminich,italian,lobster,lunch/dinner
4,277,5,"""Pretty Little Fryer""","JanuaryÂ 19,Â 2020","Scott Conant, Sasha Pieterse",Smelts,fish,"Anthony LoPinto, Franco Robazetti","Cliff Crooks, Lourdes Castro, Justin Bazdarich",Veal Saltimbocca,Bobby Flay,italian,veal,lunch/dinner
5,278,6,"""Perched For Victory""","JanuaryÂ 26,Â 2020","Anne Burrell, Valerie Bertinelli",Yellow Perch,fish,"Elizabeth Binder, Mike Ellis","Michel Nischan, Ayesha Nurdjaja, Albert Di Meglio",Arancini,Elizabeth Binder,italian,none,lunch/dinner
6,279,7,"""This'll Stick In Your Craw""","JanuaryÂ 26,Â 2020","Sunny Anderson, Clinton Kelly",Crawfish,fish,"Jojo Vasquez, Brian Riggenbach","Dan Churchill, Leah Cohen, Chris Cheung",Clay Pot Chicken,Bobby Flay,indian,chicken,lunch/dinner
7,280,8,"""The Cheese Stands Alone""","FebruaryÂ 2,Â 2020","Sunny Anderson, Giada De Laurentiis",Farmer's Cheese,dairy,"Paddy Rawal, Trey Lamont","Floyd Cardoz, Leah Cohen, Nigel Spence",Chicken Tikka Masala,Paddy Rawal,indian,chicken,lunch/dinner
8,281,9,"""Chocolate Covered Clash""","FebruaryÂ 9,Â 2020","Michael Voltaggio, Drew Barrymore",Chocolate Hazelnut Spread,other,"Miriam Taylor, DaVee Harned","Zac Young, Paulette Goto, Scott Levine",Chocolate Cream Pie,Bobby Flay,,dessert,dessert
9,282,10,"""We Will, We Will Judge You""","FebruaryÂ 9,Â 2020","Alex Guarnaschelli, Lou Diamond Phillips",Cotija Cheese,dairy,"Adrienne Cheatham, Michele Ragussis","Keri Glassman, Craig Samuel, Dana Cowin",Pastitsio,Michele Ragussis,greek,meat,lunch/dinner
10,283,11,"""The Power of Jane""","FebruaryÂ 16,Â 2020","Michael Symon, Jane Krakowski",Tamarind,fruit,"Matt Spinner, Attila Bollok","Drew Nieporent, Dana Cowin, Jeremy Salaman",Chicken Schnitzel,Bobby Flay,german,chicken,lunch/dinner
11,284,12,"""Guess Who's Back""","FebruaryÂ 16,Â 2020","Katie Lee, Josh Capon",Cranberry Beans,bean,"Ryan Lory, Jackie Rothong","Frank Prisinzano, Angie Rito, Albert Di Meglio",Pasta RagÃ¹,Bobby Flay,italian,beef,lunch/dinner
0,285,1,"""The Queen Is In""","FebruaryÂ 23,Â 2020","Richard Blais, Martha Stewart",Mandarin Oranges,fruit,"Katherine Fuchs, Michael Merida","Laurent Tourondel, Ayesha Nurdjaja, Felipe Donnelly",Fish Croquette,Michael Merida,french,fish,lunch/dinner
1,286,2,"""The Lady Butchers""","FebruaryÂ 23,Â 2020","Michael Symon, Courtney Rada",Bison Loin,meat,"Penny Barend, Melissa Khoury","Lourdes Castro, Matt Abdoo, Leah Wolfe",Pork Sandwich,Penny Barend,,pork,lunch/dinner
2,287,3,"""This Just In!""","MarchÂ 1,Â 2020","Alex Guarnaschelli, Don Lemon",Whole Flounder,fish,"Dieter Samijn, Patrick Schaeffer","Adrienne Cheatham, Laurent Tourondel, Abigail Hitchcock",Bacon Cheeseburger,Patrick Schaeffer,american,beef,lunch/dinner
3,288,4,"""The Queen Returns""","MarchÂ 1,Â 2020","Michael Symon, Martha Stewart",Sunflower Seeds,other,"Max Castro, Sarah Wade","Ariel Fox, Joe Isidori, Kardea Brown",Fried Chicken Sandwich,Bobby Flay,american,chicken,lunch/dinner
4,289,5,"""We'll Be The Judge""","MarchÂ 8,Â 2020","Sunny Anderson, Geoffrey Zakarian",Duck eggs,dairy,"Ed McFarland, Dale Talde","Michael Anthony, Tricia Williams, Ed Schoenfeld",Wonton Soup,Dale Talde,chinese,none,lunch/dinner
5,290,6,"""The View From The Top""","MarchÂ 15,Â 2020","Michael Symon, Sunny Hostin",Spring Onions,vegetable,"Pom Amaritnant, Troy Gagliardo","Dale Talde, Sara Gore, Ed Schoenfeld",Pork Ramen,Bobby Flay,japanese,pork,lunch/dinner
6,291,7,"""All Dried Out Over You""","MarchÂ 22,Â 2020","Anne Burrell, David Burtka",Guajillo Chilies,vegetable,"Rachael Polhill, Ian Redshaw","Abigail Hitchcock, Wylie Dufresne, Ayala Donchin",Surf and Turf,Bobby Flay,,beef,lunch/dinner
7,292,8,"""Don't Sugarcoat It""","MarchÂ 29,Â 2020","Marcela Valladolid, Buddy Valastro",Kiwi,fruit,"Jocelyn Gragg, Kathleen McDaniel","Claudia Fleming, David Lebovitz, Sarah Sanneh",Baklava,Kathleen McDaniel,middle eastern,dessert,dessert
8,293,9,"""Blast From The Past""","AprilÂ 5,Â 2020","Ted Allen, Carla Hall",Serrano Ham,meat,"Justin Hunt, Wesley True","Rosanna Scotto, Dan Kluger, Ayesha Nurdjaja",Lamb Meatballs,Bobby Flay,greek,lamb,lunch/dinner
9,294,10,"""BBF: Beat My Best Friend""","AprilÂ 12,Â 2020","Michael Symon, Clinton Kelly",Black-Eyed Peas,vegetable,"Sylvain Delpique, Jackie Mazza","Drew Nieporent, Georgette Farkas, Harold Moore",venison Wellington,Sylvain Delpique,french,venison,lunch/dinner
10,295,11,"""The Grill Fits The Bill""","AprilÂ 19,Â 2020","Anne Burrell, Marc Murphy",Goat Rack,meat,"Susie Bulloch, David Bancroft","Hugh Mangum, Amy Mills, Ed McFarland",Ribs,Bobby Flay,,pork,lunch/dinner
11,296,12,"""Sibling Rivalry""","AprilÂ 26,Â 2020","Alex Guarnaschelli, Damaris Phillips",Cherry Peppers,vegetable,"Matt Storch, Lisa Storch","Craig Samuel, Dana Cowin, Jake Dell",Kreplach,Lisa Storch,jewish,chicken,lunch/dinner
12,297,13,"""No Cake Walk""","MayÂ 3,Â 2020",Sunny Anderson,Black and White Sesame Seeds and Tahini,other,"Alex Guarnaschelli, Buddy Valastro","Paulette Goto, Dan Langan, Ashley Gabrielsen",Multi-Layered Cake,Buddy Valastro,,dessert,lunch/dinner
0,298,1,"""Ready, Set, Grill!""","MayÂ 24,Â 2020","Eddie Jackson, Danica Patrick",Swordfish,fish,"Jess DeSham Timmons, Leslie Roark Scott","Ronnie Woo, Tricia Williams, Joe Isidori",Barbecue Chicken Wings,Bobby Flay,american,chicken,lunch/dinner
1,299,2,"""Summer Lovin'""","MayÂ 31,Â 2020","Carla Hall, Steve Higgins",Rhubarb,fruit,"Kathy Sidell, Vinson Petrillo","Michele Ragussis, James Briscione, Hannah Wong",Lobster Rolls,Bobby Flay,american,lobster,lunch/dinner
2,300,3,"""Gives You Goosebumps""","JuneÂ 7,Â 2020","Scott Conant, Cheri Oteri",Gooseberries,fruit,"Nick Walker, Senada Grbic","Michael Psilakis, Sara Moulton, Jeremy Salamon",Pork Chops and Applesauce,Bobby Flay,,pork,lunch/dinner
3,301,4,"""Go Nuts!""","JuneÂ 14,Â 2020","Ree Drummond, Eddie Jackson",Walnuts,other,"Ian Rough, Anthony Endy","Hugh Mangum, Pati Jinich, Cliff Crooks",Steak Sandwich,Anthony Endy,,beef,lunch/dinner
4,302,5,"""Superchef, Supermodel""","JuneÂ 21,Â 2020","Anne Burrell, Gigi Hadid",Taro Root,vegetable,"Max Robbins, Melissa Araujo","Michael Psilakis, Tricia Williams, Joe Isidori",Falafel,Max Robbins,middle eastern,none,lunch/dinner
5,303,6,"""Beat Bobby Flay: The Musical""","JuneÂ 28,Â 2020","Damaris Phillips, Jaymee Sire",Capers,vegetable,"Elijah Milligan, RÃ©mi Granger","David Massoni, Ariane Daguin, Michael Anthony",French Onion Soup,RÃ©mi Granger,french,none,lunch/dinner
6,304,7,"""So Much Shade""","JulyÂ 5,Â 2020","Scott Conant, Vivica A. Fox",Baby Artichokes,vegetable,"Peter Prime, Nico Romo","Melba Wilson, Brian Duffy, Lucinda Scala Quinn",Chicken Cordon Bleu,Bobby Flay,french,chicken,lunch/dinner
7,305,8,"""Fresh-Squeezed""","JulyÂ 12,Â 2020","Amanda Freitag, Michael Symon",Pomelo,fruit,"Carrie Eagle, Jose Salazar","Ivy Stark, Michael Psilakis, Pati Jinich",Pozole Verde with Seafood,Bobby Flay,mexican,seafood,lunch/dinner
8,306,9,"""Somewhere Over The Rainbow""","JulyÂ 19,Â 2020","Alex Guarnaschelli, Michael Voltaggio",Rainbow Carrots,vegetable,"Jennifer Dewasha, Devin Bozkaya","Michele Ragussis, Michael Gutowski, Melba Wilson",Crab Bisque,Bobby Flay,,crab,lunch/dinner
9,307,10,"""It's All Gouda""","AugustÂ 2,Â 2020","Anne Burrell, Michael Voltaggio",Gouda,dairy,"JosÃ© DeJesus, Dafna Mizrahi","Ken Oringer, Susan Feniger, Corby Kummer",Shrimp Burrito,JosÃ© DeJesus,mexican,shrimp,lunch/dinner
10,308,11,"""Going Global""","AugustÂ 9,Â 2020","Richard Blais, Laura Vitale",Celery Root,vegetable,"Reza Setayesh, Andy Gaynor","Daniel Breaker, Aliya LeeKong, Matt FX Feldman",Jianbing,Reza Setayesh,chinese,eggs,lunch/dinner
11,309,12,"""You're Masa-Ing With Me!""","AugustÂ 16,Â 2020","Jet Tila, Carla Hall",Fresh Masa,grain,"Dan Jacobs, Tony J. Nguyen","Tracy Jane Young, Dan Churchill, Helen Nguyen",Beef Chow Fun,Bobby Flay,chinese,beef,lunch/dinner
12,310,13,"""The Dynamic Duo""","AugustÂ 23,Â 2020","Giada DeLaurentiis, Michael Symon",Bulgur Wheat,grain,"Fabrizio Schenardi, Jessica Gamble","David Massoni, Adrienne Cheatham, Michael Jenkins",Potato Gnocchi,Bobby Flay,italian,none,lunch/dinner
13,311,14,"""A Sticky Situation""","AugustÂ 30,Â 2020","Alex Guarnaschelli, Geoffrey Zakarian",Brazil Nuts,other,"Erica Land, Jacqueline Joy DiÃ±o","Zac Young, Toni Dickinson, Michael Tsang",Sticky Toffee Pudding,Bobby Flay,british,dessert,dessert
14,312,15,"""Double Trouble""","SeptemberÂ 6,Â 2020","Katie Lee, Heidi Gardner",Provolone,dairy,"Iesha D. Williams & Nirva Llorca, Deanna Germano & Mark Germano","Joe Isidori, Anya Fernald, Cliff Crooks",Lumberjack Breakfast,Bobby Flay,american,eggs,breakfast
15,313,16,"""The Nightmare Before Pastry""","OctoberÂ 14,Â 2020","Katie Lee, Zac Young",Dragon Fruit,fruit,"Michael McGowan, Kareem Queeman","Lauren Scala, Dan Langan, Deb Perelman",Bundt Cake,Bobby Flay,,dessert,dessert
16,314,17,"""All About That Baste""","NovemberÂ 1,Â 2020","Damaris Phillips, Casey Webb",Delicata Squash,vegetable,"Lindsay Porter, Kevin Grossi","Melba Wilson, Ryan Gleason, Elena Besser",Turkey Pot Pie,Bobby Flay,american,turkey,lunch/dinner
0,315,1,"""Mustache Takeover""","DecemberÂ 30,Â 2020","David Burtka, Donatella Arpaia",Chinese Long Beans,vegetable,"Saransh Oberoi, Tom Cuomo","Hari Nayak, Ayesha Nurdjaja, Shaun Hergatt",Kati Roll,Saransh Oberoi,indian,chicken,lunch/dinner
1,316,2,"""25 Ingredients or Less""","JanuaryÂ 1,Â 2021","Giada De Laurentiis, Meredith Vieira",Coppa,meat,"Marcos Campos, Nicholas Poulmentis","Ivy Stark, Marc Vidal, Kristin Sollenne",Seafood Paella,Bobby Flay,spanish,seafood,lunch/dinner
